dimension,rank,algorithm,source,ert,hits,runs,is_local
2,1,bbob-f03-model-fit-adaptive-full,exdata/bbob-f03-model-fit-adaptive-full,9,15,15,True
2,2,BrentSTEPqi_Posik,2015/BrentSTEPqi_Posik.tgz,101.533333333,15,15,False
2,3,BrentSTEPif_Posik,2015/BrentSTEPif_Posik.tgz,104.4,15,15,False
2,4,BrentSTEPrr_Posik,2015/BrentSTEPrr_Posik.tgz,106.333333333,15,15,False
2,5,BrentSTEPifeg_Posik,2015/BrentSTEPifeg_Posik.tgz,108.266666667,15,15,False
2,6,STEPif_Posik,2015/STEPif_Posik.tgz,121.6,15,15,False
2,7,STEPifeg_Posik,2015/STEPifeg_Posik.tgz,124.866666667,15,15,False
2,8,STEPrr_Posik,2015/STEPrr_Posik.tgz,126.266666667,15,15,False
2,9,LSstep_posik,2009/LSstep_posik_noiseless.tgz,465.466666667,15,15,False
2,10,Powell-scipy_Baudis,incomplete/2014/Powell-scipy_Baudis.tgz,479,15,15,False
2,11,BIPOP-aCMA-STEP_loshchilov,2013/BIPOP-aCMA-STEP_loshchilov_noiseless.tgz,510.466666667,15,15,False
2,12,HCMA_loshchilov,2013/HCMA_loshchilov_noiseless.tgz,517.2,15,15,False
2,13,EG50-cocopf_Baudis,incomplete/2014/EG50-cocopf_Baudis.tgz,631.2,15,15,False
2,14,DIRECT-REV_Kudela,2023/DIRECT-REV_Kudela.tgz,637.6,15,15,False
2,15,oMads-Neg_Dahito,2022/oMads-Neg_Dahito.tgz,643.4,15,15,False
2,16,SHADE-LM-POP4-to-10_Okulewicz,2021/SHADE-LM-POP4-to-10_Okulewicz.tgz,650.666666667,15,15,False
2,17,DE-ROLL_voglis,2012/DE-ROLL_voglis_noiseless.tgz,714.2,15,15,False
2,18,DE-BFGS_voglis,2012/DE-BFGS_voglis_noiseless.tgz,788.066666667,15,15,False
2,19,SOO_Derbel,2015/SOO_Derbel.tgz,797.6,15,15,False
2,20,DE_Pal_pal,2013/DE_Pal_pal_noiseless.tgz,811.266666667,15,15,False
2,21,NELDERDOERR_doerr,2009/NELDERDOERR_doerr_noiseless.tgz,829.666666667,15,15,False
2,22,DTS-CMA-ES_005-2pop_v26_1model_Bajer,2018/DTS-CMA-ES_005-2pop_v26_1model_Bajer.tgz,858.142857143,7,15,False
2,23,JADE_posik,2012/JADE_posik_noiseless.tgz,863,15,15,False
2,24,JADEctpb_posik,2012/JADEctpb_posik_noiseless.tgz,863,15,15,False
2,25,HMLSL_pal,2013/HMLSL_pal_noiseless.tgz,956.066666667,15,15,False
2,26,FULLNEWUOA_ros,2009/FULLNEWUOA_ros_noiseless.tgz,983.666666667,15,15,False
2,27,OQNLP_pal,2013/OQNLP_pal_noiseless.tgz,986.866666667,15,15,False
2,28,oMads-2N_Dahito,2022/oMads-2N_Dahito.tgz,1020.93333333,15,15,False
2,29,UNIF-cocopf_Baudis,incomplete/2014/UNIF-cocopf_Baudis.tgz,1148.6,15,15,False
2,30,R-SHADE-10e5_Tanabe,2015/R-SHADE-10e5_Tanabe.tgz,1167.73333333,15,15,False
2,31,MCS_huyer,2009/MCS_huyer_noiseless.tgz,1187.4,15,15,False
2,32,DE_posik,2012/DE_posik_noiseless.tgz,1240.33333333,15,15,False
2,33,DEb_posik,2012/DEb_posik_noiseless.tgz,1240.33333333,15,15,False
2,34,DE-SIMPLEX_voglis,2012/DE-SIMPLEX_voglis_noiseless.tgz,1243.4,15,15,False
2,35,SHADE-LM_Okulewicz,2021/SHADE-LM_Okulewicz.tgz,1245.46666667,15,15,False
2,36,DEctpb_posik,2012/DEctpb_posik_noiseless.tgz,1271.46666667,15,15,False
2,37,DE-best_Vodopija,2018/DE-best_Vodopija.tgz,1331.2,15,15,False
2,38,PSO-BFGS_voglis,2012/PSO-BFGS_voglis_noiseless.tgz,1350.73333333,15,15,False
2,39,MA-LS-CHAIN_molina,2009/MA-LS-CHAIN_molina_noiseless.tgz,1358.33333333,15,15,False
2,40,DIRECT_posik,2009/DIRECT_posik_noiseless.tgz,1445,5,5,False
2,41,AVGNEWUOA_ros,2010/AVGNEWUOA_ros_noiseless.tgz,1447.2,15,15,False
2,42,uDE-best_Vodopija,2018/uDE-best_Vodopija.tgz,1447.8,15,15,False
2,43,DE-F-AUC_fialho,2010/DE-F-AUC_fialho_noiseless.tgz,1514.4,15,15,False
2,44,DE-scipy-2019_Varelas,2019/DE-scipy-2019_Varelas.tgz,1522.6,15,15,False
2,45,DEuniform_fialho,2010/DEuniform_fialho_noiseless.tgz,1522.73333333,15,15,False
2,46,DEAE_posik,2012/DEAE_posik_noiseless.tgz,1653.06666667,15,15,False
2,47,JADEb_posik,2012/JADEb_posik_noiseless.tgz,1757.4,15,15,False
2,48,DBRCGA_chuang,2012/DBRCGA_chuang_noiseless.tgz,1760.33333333,15,15,False
2,49,GLOBAL_pal,2009/GLOBAL_pal_noiseless.tgz,1778.77777778,9,15,False
2,50,IPOPCMAv3p61_Bajer_2013instances,2015/IPOPCMAv3p61_Bajer_2013instances.tgz,1790.25,4,15,False
2,51,lq-CMA-ES_Hansen,2020/lq-CMA-ES_Hansen.tgz,1863.53333333,15,15,False
2,52,NEWUOA_ros,2009/NEWUOA_ros_noiseless.tgz,1886.92857143,14,15,False
2,53,lmm-CMA-ES_auger,2013/lmm-CMA-ES_auger_noiseless.tgz,1935.66666667,9,15,False
2,54,MVDE_melo,2012/MVDE_melo_noiseless.tgz,1984.2,15,15,False
2,55,Powell-scipy-2019_Varelas,2019/Powell-scipy-2019_Varelas.tgz,1997.86666667,15,15,False
2,56,CMA-ES-Akimoto_Gharafi,2022/CMA-ES-Akimoto_Gharafi.tgz,2034.26666667,15,15,False
2,57,MLSL_pal,2013/MLSL_pal_noiseless.tgz,2108,15,15,False
2,58,uDE-rand_Vodopija,2018/uDE-rand_Vodopija.tgz,2118,15,15,False
2,59,DE-ttb_Vodopija,2018/DE-ttb_Vodopija.tgz,2132.6,15,15,False
2,60,DE-rand_Vodopija,2018/DE-rand_Vodopija.tgz,2166.06666667,15,15,False
2,61,uDE-ttb_Vodopija,2018/uDE-ttb_Vodopija.tgz,2200.46666667,15,15,False
2,62,PSA-CMA-ES_Nishida,2018/PSA-CMA-ES_Nishida.tgz,2246.06666667,15,15,False
2,63,GP1-CMAES_Bajer,2015/GP1-CMAES_Bajer.tgz,2380.33333333,3,15,False
2,64,sd-CMA-ES_Gissler,2023/sd-CMA-ES_Gissler.tgz,2413.06666667,15,15,False
2,65,BBDE-best_Vodopija,2018/BBDE-best_Vodopija.tgz,2419.2,15,15,False
2,66,I-DBDP-GL_Kudela,2023/I-DBDP-GL_Kudela.tgz,2451.2,15,15,False
2,67,fminunc_pal,2013/fminunc_pal_noiseless.tgz,2484.86666667,15,15,False
2,68,ABC_elabd,2010/ABC_elabd_noiseless.tgz,2519.43333333,30,30,False
2,69,RL-SHADE-10e5_Tanabe,2015/RL-SHADE-10e5_Tanabe.tgz,2541.86666667,15,15,False
2,70,CMA-CSA_Atamna,2015/CMA-CSA_Atamna.tgz,2547.66666667,15,15,False
2,71,MOS_torre,2010/MOS_torre_noiseless.tgz,2564.93333333,15,15,False
2,72,cdm-CMA-ES_Gissler,2023/cdm-CMA-ES_Gissler.tgz,2584.13333333,15,15,False
2,73,adm-CMA-ES_Gissler,2023/adm-CMA-ES_Gissler.tgz,2624.13333333,15,15,False
2,74,IP-500_liao,2013/IP-500_liao_noiseless.tgz,2662.66666667,15,15,False
2,75,IP_liao,2013/IP_liao_noiseless.tgz,2662.66666667,15,15,False
2,76,DE-AUTO_voglis,2012/DE-AUTO_voglis_noiseless.tgz,2663.93333333,15,15,False
2,77,IP-10DDr_liao,2013/IP-10DDr_liao_noiseless.tgz,2676.53333333,15,15,False
2,78,DD-CMA-ES-Akimoto_Gharafi,2022/DD-CMA-ES-Akimoto_Gharafi.tgz,2748.33333333,15,15,False
2,79,CMAa_brockhoff,2012/CMAa_brockhoff_noiseless.tgz,2842.06666667,15,15,False
2,80,1komma4mir_brockhoff,2010/1komma4mir_brockhoff_noiseless.tgz,2890.33333333,15,15,False
2,81,scdm-CMA-ES_Gissler,2023/scdm-CMA-ES_Gissler.tgz,2898.06666667,15,15,False
2,82,KL-Restart-CMA-ES_Yamaguchi,2017/KL-Restart-CMA-ES_Yamaguchi.tgz,2928.6,15,15,False
2,83,SLSQP+lq-CMA-ES_Hansen,2020/SLSQP+lq-CMA-ES_Hansen.tgz,2942.73333333,15,15,False
2,84,fmincon_pal,2013/fmincon_pal_noiseless.tgz,3115.46666667,15,15,False
2,85,s-CMA-ES_Gissler,2023/s-CMA-ES_Gissler.tgz,3121.53333333,15,15,False
2,86,default-CMA-ES_Gissler,2023/default-CMA-ES_Gissler.tgz,3123.53333333,15,15,False
2,87,texp_liao,2013/texp_liao_noiseless.tgz,3160.73333333,15,15,False
2,88,BIPOP-CMA-ES_hansen,2009/BIPOP-CMA-ES_hansen_noiseless.tgz,3166.86666667,15,15,False
2,89,DE-PSO_garcia-nieto,2009/DE-PSO_garcia-nieto_noiseless.tgz,3185.6,15,15,False
2,90,KL-IPOP-CMA-ES_Yamaguchi,2017/KL-IPOP-CMA-ES_Yamaguchi.tgz,3228.73333333,15,15,False
2,91,CMA-ES-2019_Hansen,2020/CMA-ES-2019_Hansen.tgz,3313.33333333,15,15,False
2,92,CMAm_brockhoff,2012/CMAm_brockhoff_noiseless.tgz,3321.53333333,15,15,False
2,93,BIPOP-saACM-k_loshchilov,2013/BIPOP-saACM-k_loshchilov_noiseless.tgz,3331.86666667,15,15,False
2,94,CMAmah_brockhoff,2012/CMAmah_brockhoff_noiseless.tgz,3357.4,15,15,False
2,95,IPOPsaACM_loshchilov,2012/IPOPsaACM_loshchilov_noiseless.tgz,3367.6,15,15,False
2,96,CMA-MSR_Atamna,2015/CMA-MSR_Atamna.tgz,3405,15,15,False
2,97,BIPOPsaACM_loshchilov,2012/BIPOPsaACM_loshchilov_noiseless.tgz,3499.73333333,15,15,False
2,98,R-DE-10e5_Tanabe,2015/R-DE-10e5_Tanabe.tgz,3532.86666667,15,15,False
2,99,uBBDE-best_Vodopija,2018/uBBDE-best_Vodopija.tgz,3539.2,15,15,False
2,100,CMA-ES-pycma_Gharafi,2022/CMA-ES-pycma_Gharafi.tgz,3553.8,15,15,False
2,101,DASA_korosec,2009/DASA_korosec_noiseless.tgz,3562.93333333,15,15,False
2,102,sc-CMA-ES_Gissler,2023/sc-CMA-ES_Gissler.tgz,3582.13333333,15,15,False
2,103,tany_liao,2013/tany_liao_noiseless.tgz,3591.06666667,15,15,False
2,104,CMA-ESPLUSSEL_auger,2009/CMA-ESPLUSSEL_auger_noiseless.tgz,3651.7,30,30,False
2,105,DD-CMA-ES-pycma_Gharafi,2022/DD-CMA-ES-pycma_Gharafi.tgz,3712.86666667,15,15,False
2,106,RF1-CMAES_Bajer,2015/RF1-CMAES_Bajer.tgz,3755,2,15,False
2,107,IPOP-ACTCMA-ES_ros,2010/IPOP-ACTCMA-ES_ros_noiseless.tgz,3768.93333333,15,15,False
2,108,SLSQP-scipy-2019_Varelas,2019/SLSQP-scipy-2019_Varelas.tgz,3794.8,15,15,False
2,109,IPOP-CMA-ES-2019_Faury,incomplete/2019/IPOP-CMA-ES-2019_Faury.tgz,3806.66666667,15,15,False
2,110,uBBDE-ttb_Vodopija,2018/uBBDE-ttb_Vodopija.tgz,3811.73333333,15,15,False
2,111,BIPOPaCMA_loshchilov,2012/BIPOPaCMA_loshchilov_noiseless.tgz,3845.8,15,15,False
2,112,GNN-CMA-ES_Faury,incomplete/2019/GNN-CMA-ES_Faury.tgz,3862.33333333,15,15,False
2,113,c-CMA-ES_Gissler,2023/c-CMA-ES_Gissler.tgz,3896.53333333,15,15,False
2,114,CMAmh_brockhoff,2012/CMAmh_brockhoff_noiseless.tgz,3906,15,15,False
2,115,a-CMA-ES_Gissler,2023/a-CMA-ES_Gissler.tgz,3967.86666667,15,15,False
2,116,1plus2mirser_brockhoff,2010/1plus2mirser_brockhoff_noiseless.tgz,3969.73333333,15,15,False
2,117,ad-CMA-ES_Gissler,2023/ad-CMA-ES_Gissler.tgz,3989.6,15,15,False
2,118,simplex_pal,2013/simplex_pal_noiseless.tgz,4014.4,15,15,False
2,119,CMAES-APOP-KMA_Nguyen,2022/CMAES-APOP-KMA_Nguyen.tgz,4205.66666667,15,15,False
2,120,CMA_brockhoff,2012/CMA_brockhoff_noiseless.tgz,4263,15,15,False
2,121,d-CMA-ES_Gissler,2023/d-CMA-ES_Gissler.tgz,4284.06666667,15,15,False
2,122,CMAES-APOP-KP_Nguyen,2022/CMAES-APOP-KP_Nguyen.tgz,4323.33333333,15,15,False
2,123,IPOP-CMA-ES_ros,2010/IPOP-CMA-ES_ros_noiseless.tgz,4325.06666667,15,15,False
2,124,PSA-CMA-ESwRS_Nishida,2018/PSA-CMA-ESwRS_Nishida.tgz,4402.53333333,15,15,False
2,125,SLSQP-11-scipy_Hansen,2020/SLSQP-11-scipy_Hansen.tgz,4426.8,15,15,False
2,126,BFGS-scipy_Baudis,incomplete/2014/BFGS-scipy_Baudis.tgz,4458.2,15,15,False
2,127,MEMPSODE_voglis,2013/MEMPSODE_voglis_noiseless.tgz,4466.93333333,15,15,False
2,128,PRCGA_sawyerr,2013/PRCGA_sawyerr_noiseless.tgz,4495.46666667,15,15,False
2,129,scd-CMA-ES_Gissler,2023/scd-CMA-ES_Gissler.tgz,4534.13333333,15,15,False
2,130,cd-CMA-ES_Gissler,2023/cd-CMA-ES_Gissler.tgz,4618.53333333,15,15,False
2,131,IPOP-SEP-CMA-ES_ros,2009/IPOP-SEP-CMA-ES_ros_noiseless.tgz,4620.8,15,15,False
2,132,NBIPOPaCMA_loshchilov,2012/NBIPOPaCMA_loshchilov_noiseless.tgz,4637.13333333,15,15,False
2,133,NBC-CMA_preuss,2010/NBC-CMA_preuss_noiseless.tgz,4664.93333333,15,15,False
2,134,CMAES_posik,2012/CMAES_posik_noiseless.tgz,4680.2,15,15,False
2,135,PSAaSmD-CMA-ES_Nishida,2016/PSAaSmD-CMA-ES_Nishida.tgz,4680.4,15,15,False
2,136,BFGS_ros,2009/BFGS_ros_noiseless.tgz,4693.6,10,15,False
2,137,cma-bt-bbob_Brockhoff,2023/cma-bt-bbob_Brockhoff.tgz,4726.21428571,14,15,False
2,138,cma-bp-bbob_Brockhoff,2023/cma-bp-bbob_Brockhoff.tgz,4805.28571429,14,15,False
2,139,CMAES-APOP-Var3_Nguyen,2018/CMAES-APOP-Var3_Nguyen.tgz,4825.26666667,15,15,False
2,140,CMAES-APOP-Var1_Nguyen,2018/CMAES-APOP-Var1_Nguyen.tgz,4841.6,15,15,False
2,141,1komma4mirser_brockhoff,2010/1komma4mirser_brockhoff_noiseless.tgz,4922.6,15,15,False
2,142,sdm-CMA-ES_Gissler,2023/sdm-CMA-ES_Gissler.tgz,4993.46666667,15,15,False
2,143,CMAma_brockhoff,2012/CMAma_brockhoff_noiseless.tgz,5026.53333333,15,15,False
2,144,L-BFGS-B-scipy_Baudis,incomplete/2014/L-BFGS-B-scipy_Baudis.tgz,5060.73333333,15,15,False
2,145,dm-CMA-ES_Gissler,2023/dm-CMA-ES_Gissler.tgz,5284.86666667,15,15,False
2,146,CMAES-APOP_Nguyen,2017/CMAES-APOP_Nguyen.tgz,5327.73333333,15,15,False
2,147,CMA-TPA_Atamna,2015/CMA-TPA_Atamna.tgz,5330,15,15,False
2,148,L-BFGS-B-scipy-2019_Varelas,2019/L-BFGS-B-scipy-2019_Varelas.tgz,5465,15,15,False
2,149,VNS_garcia-martinez,2009/VNS_garcia-martinez_noiseless.tgz,5568.73333333,15,15,False
2,150,PSO_el-abd,2009/PSO_el-abd_noiseless.tgz,5586.53333333,15,15,False
2,151,NELDER_hansen,2009/NELDER_hansen_noiseless.tgz,5690.86666667,15,15,False
2,152,CMA-ES-python_Baudis,incomplete/2014/CMA-ES-python_Baudis.tgz,5751.93333333,15,15,False
2,153,IPOP400D_auger,2013/IPOP400D_auger_noiseless.tgz,5774,4,15,False
2,154,AMALGAM_bosman,2009/AMALGAM_bosman_noiseless.tgz,5880.73333333,15,15,False
2,155,HE-ES_Glasmachers,2020/HE-ES_Glasmachers.tgz,5897.6,15,15,False
2,156,CMAES-APOP-Var2_Nguyen,2018/CMAES-APOP-Var2_Nguyen.tgz,5965.93333333,15,15,False
2,157,KL-BIPOP-CMA-ES_Yamaguchi,2017/KL-BIPOP-CMA-ES_Yamaguchi.tgz,6191.73333333,15,15,False
2,158,DTS-CMA-ES_Pitra,2017/DTS-CMA-ES_Pitra.tgz,6285.5,4,15,False
2,159,1komma4_brockhoff,2010/1komma4_brockhoff_noiseless.tgz,6465.14285714,14,15,False
2,160,ONEFIFTH_auger,2009/ONEFIFTH_auger_noiseless.tgz,6684.06666667,15,15,False
2,161,Adaptive-Two-Mode_Bodner,2019/Adaptive-Two-Mode_Bodner.tgz,6766.33333333,15,15,False
2,162,BFGS-P-09_Blelly,2018/BFGS-P-09_Blelly.tgz,6915.27272727,11,15,False
2,163,BBDE-ttb_Vodopija,2018/BBDE-ttb_Vodopija.tgz,6985.93333333,15,15,False
2,164,BFGS-P-range_Blelly,2018/BFGS-P-range_Blelly.tgz,7016,11,15,False
2,165,PSAaLmD-CMA-ES_Nishida,2016/PSAaLmD-CMA-ES_Nishida.tgz,7043.53333333,15,15,False
2,166,GP5-CMAES_Bajer,2015/GP5-CMAES_Bajer.tgz,7217,1,15,False
2,167,IPOPCMAv3p61_Bajer,2015/IPOPCMAv3p61_Bajer.tgz,7430,1,15,False
2,168,GP1-CMAES_Bajer_2013instances,2015/GP1-CMAES_Bajer_2013instances.tgz,7488,1,15,False
2,169,CMAES-APOP-MA_Nguyen,2022/CMAES-APOP-MA_Nguyen.tgz,7547.06666667,15,15,False
2,170,BFGS-scipy-2019_Varelas,2019/BFGS-scipy-2019_Varelas.tgz,7555.73333333,15,15,False
2,171,NIPOPaCMA_loshchilov,2012/NIPOPaCMA_loshchilov_noiseless.tgz,7842.06666667,15,15,False
2,172,SLSQP-scipy_Baudis,incomplete/2014/SLSQP-scipy_Baudis.tgz,8010,15,15,False
2,173,iAMALGAM_bosman,2009/iAMALGAM_bosman_noiseless.tgz,8036.86666667,15,15,False
2,174,SSEABC_Aydin,2017/SSEABC_Aydin.tgz,8163.5,14,15,False
2,175,BFGS-M-17_Blelly,2018/BFGS-M-17_Blelly.tgz,8230.85714286,7,15,False
2,176,ACOR_liao,2012/ACOR_liao_noiseless.tgz,8407.46666667,15,15,False
2,177,CG-scipy-2019_Varelas,2019/CG-scipy-2019_Varelas.tgz,8806,15,15,False
2,178,xNESas_schaul,2012/xNESas_schaul_noiseless.tgz,9375.26666667,15,15,False
2,179,BFGS-P-Instances_Blelly,2018/BFGS-P-Instances_Blelly.tgz,9950.44444444,9,15,False
2,180,BBDE-N_Vodopija,2018/BBDE-N_Vodopija.tgz,10288.4666667,15,15,False
2,181,m-SDWOA_Espinoza,2023/m-SDWOA_Espinoza.tgz,10394.5333333,15,15,False
2,182,EDA-PSO_el-abd,2009/EDA-PSO_el-abd_noiseless.tgz,10742.3333333,15,15,False
2,183,xNES_schaul,2012/xNES_schaul_noiseless.tgz,10807.3333333,15,15,False
2,184,1komma4ser_brockhoff,2010/1komma4ser_brockhoff_noiseless.tgz,11061.75,12,15,False
2,185,uBBDE_Vodopija,2018/uBBDE_Vodopija.tgz,11124.4666667,15,15,False
2,186,BBDE_Vodopija,2018/BBDE_Vodopija.tgz,11165,15,15,False
2,187,uBBDE-N_Vodopija,2018/uBBDE-N_Vodopija.tgz,11371,15,15,False
2,188,Rosenbrock_posik,2009/Rosenbrock_posik_noiseless.tgz,11675.1,10,15,False
2,189,1komma2mirser_brockhoff,2010/1komma2mirser_brockhoff_noiseless.tgz,11685.8333333,12,15,False
2,190,1plus1_brockhoff,2010/1plus1_brockhoff_noiseless.tgz,11894.0909091,11,15,False
2,191,E-WOA_Espinoza,2023/E-WOA_Espinoza.tgz,11904.5714286,14,15,False
2,192,PSAaSmC-CMA-ES_Nishida,2016/PSAaSmC-CMA-ES_Nishida.tgz,11917.9333333,15,15,False
2,193,ALPS_hornby,2009/ALPS_hornby_noiseless.tgz,11942.6666667,15,15,False
2,194,CG-Fletcher-Reeves-scipy_Baudis,incomplete/2014/CG-Fletcher-Reeves-scipy_Baudis.tgz,12634.7333333,15,15,False
2,195,PSAaLmC-CMA-ES_Nishida,2016/PSAaLmC-CMA-ES_Nishida.tgz,13402.4,15,15,False
2,196,EvoSpace-PSO-GA_Garcia-Valdez,2017/EvoSpace-PSO-GA_Garcia-Valdez.tgz,14974.8666667,15,15,False
2,197,SNES_schaul,2012/SNES_schaul_noiseless.tgz,15447.0666667,15,15,False
2,198,PM-AdapSS-DE_fialho,2010/PM-AdapSS-DE_fialho_noiseless.tgz,15707.3571429,14,15,False
2,199,G3PCX_posik,2009/G3PCX_posik_noiseless.tgz,17938.8,15,15,False
2,200,1komma2mir_brockhoff,2010/1komma2mir_brockhoff_noiseless.tgz,19667.5555556,9,15,False
2,201,Cauchy-EDA_posik,2009/Cauchy-EDA_posik_noiseless.tgz,19851.3333333,15,15,False
2,202,BFGS-P-StPt_Blelly,2018/BFGS-P-StPt_Blelly.tgz,20143.8,5,15,False
2,203,POEMS_kubalik,2009/POEMS_kubalik_noiseless.tgz,20981.8,15,15,False
2,204,oPOEMS_kubalic,2010/oPOEMS_kubalic_noiseless.tgz,21012.4,15,15,False
2,205,1komma2_brockhoff,2010/1komma2_brockhoff_noiseless.tgz,21395,9,15,False
2,206,PSO_Bounds_el-abd,2009/PSO_Bounds_el-abd_noiseless.tgz,21712.1333333,15,15,False
2,207,1komma2ser_brockhoff,2010/1komma2ser_brockhoff_noiseless.tgz,23394.625,8,15,False
2,208,LSfminbnd_posik,2009/LSfminbnd_posik_noiseless.tgz,28453.3333333,3,15,False
2,209,BIRMIN_Kudela,2023/BIRMIN_Kudela.tgz,36699.1818182,11,15,False
2,210,RCGA_tran,2010/RCGA_tran_noiseless.tgz,39166.0714286,14,15,False
2,211,TNC-scipy-2019_Varelas,2019/TNC-scipy-2019_Varelas.tgz,44520.4,15,15,False
2,212,BAYEDA_gallagher,2009/BAYEDA_gallagher_noiseless.tgz,59639,1,15,False
2,213,GA_nicolau,2009/GA_nicolau_noiseless.tgz,61019,15,15,False
2,214,P-DCN_tran,2013/P-DCN_tran_noiseless.tgz,130046.066667,15,15,False
2,215,pPOEMS_kubalic,2010/pPOEMS_kubalic_noiseless.tgz,136535.266667,15,15,False
2,216,P-zero_tran,2013/P-zero_tran_noiseless.tgz,292545.2,15,15,False
2,217,U-DCN_tran,2013/U-DCN_tran_noiseless.tgz,754456.416667,12,15,False
2,218,CMAEGS_finck,2010/CMAEGS_finck_noiseless.tgz,1305759.5,2,15,False
2,219,Nelder-Mead-scipy-2019_Varelas,2019/Nelder-Mead-scipy-2019_Varelas.tgz,2829302,1,15,False
2,220,CGA-grid100_holtschulte,2013/CGA-grid100_holtschulte_noiseless.tgz,inf,0,15,False
2,221,CGA-grid16_holtschulte,2013/CGA-grid16_holtschulte_noiseless.tgz,inf,0,15,False
2,222,CGA-ring100_holtschulte,2013/CGA-ring100_holtschulte_noiseless.tgz,inf,0,15,False
2,223,CGA-ring16_holtschulte,2013/CGA-ring16_holtschulte_noiseless.tgz,inf,0,15,False
2,224,CMAES_Hutter_hutter,2013/CMAES_Hutter_hutter_noiseless.tgz,inf,0,15,False
2,225,COBYLA-scipy-2019_Varelas,2019/COBYLA-scipy-2019_Varelas.tgz,inf,0,15,False
2,226,EXPLO2_Huntsman,2022/EXPLO2_Huntsman.tgz,inf,0,15,False
2,227,GA-100_holtschulte,2013/GA-100_holtschulte_noiseless.tgz,inf,0,15,False
2,228,GP5-CMAES_Bajer_2013instances,2015/GP5-CMAES_Bajer_2013instances.tgz,inf,0,15,False
2,229,HILL_holtschulte,2013/HILL_holtschulte_noiseless.tgz,inf,0,15,False
2,230,LHD-10xDefault-MATSuMoTo_Brockhoff,2015/LHD-10xDefault-MATSuMoTo_Brockhoff.tgz,inf,0,15,False
2,231,LHD-2xDefault-MATSuMoTo_Brockhoff,2015/LHD-2xDefault-MATSuMoTo_Brockhoff.tgz,inf,0,15,False
2,232,MATSUMOTO_Brockhoff,2015/MATSUMOTO_Brockhoff.tgz,inf,0,15,False
2,233,Nelder-Mead-scipy_Baudis,incomplete/2014/Nelder-Mead-scipy_Baudis.tgz,inf,0,15,False
2,234,Ord-H-DTS-CMA-ES_Pitra,2017/Ord-H-DTS-CMA-ES_Pitra.tgz,inf,0,15,False
2,235,Ord-N-DTS-CMA-ES_Pitra,2017/Ord-N-DTS-CMA-ES_Pitra.tgz,inf,0,15,False
2,236,Ord-Q-DTS-CMA-ES_Pitra,2017/Ord-Q-DTS-CMA-ES_Pitra.tgz,inf,0,15,False
2,237,R-DE-10e2_Tanabe,2015/R-DE-10e2_Tanabe.tgz,inf,0,15,False
2,238,R-SHADE-10e2_Tanabe,2015/R-SHADE-10e2_Tanabe.tgz,inf,0,15,False
2,239,RAND-2xDefault-MATSuMoTo_Brockhoff,2015/RAND-2xDefault-MATSuMoTo_Brockhoff.tgz,inf,0,15,False
2,240,RANDOMSEARCH-4-1e7D_Brockhoff,2017/RANDOMSEARCH-4-1e7D_Brockhoff.tgz,inf,0,15,False
2,241,RANDOMSEARCH-4p5-1e7D_Brockhoff,2017/RANDOMSEARCH-4p5-1e7D_Brockhoff.tgz,inf,0,15,False
2,242,RANDOMSEARCH-5-1e7D_Brockhoff,2017/RANDOMSEARCH-5-1e7D_Brockhoff.tgz,inf,0,15,False
2,243,RANDOMSEARCH_auger,2009/RANDOMSEARCH_auger_noiseless.tgz,inf,0,15,False
2,244,RF1-CMAES_Bajer_2013instances,2015/RF1-CMAES_Bajer_2013instances.tgz,inf,0,15,False
2,245,RF5-CMAES_Bajer,2015/RF5-CMAES_Bajer.tgz,inf,0,15,False
2,246,RF5-CMAES_Bajer_2013instances,2015/RF5-CMAES_Bajer_2013instances.tgz,inf,0,15,False
2,247,RL-SHADE-10e2_Tanabe,2015/RL-SHADE-10e2_Tanabe.tgz,inf,0,15,False
2,248,RS-0p5-initIn0_Brockhoff,2019/RS-0p5-initIn0_Brockhoff.tgz,inf,0,15,False
2,249,RS-0p5_Brockhoff,2019/RS-0p5_Brockhoff.tgz,inf,0,15,False
2,250,RS-1-initIn0_Brockhoff,2019/RS-1-initIn0_Brockhoff.tgz,inf,0,15,False
2,251,RS-10-initIn0_Brockhoff,2019/RS-10-initIn0_Brockhoff.tgz,inf,0,15,False
2,252,RS-10_Brockhoff,2019/RS-10_Brockhoff.tgz,inf,0,15,False
2,253,RS-1_Brockhoff,2019/RS-1_Brockhoff.tgz,inf,0,15,False
2,254,RS-2-initIn0_Brockhoff,2019/RS-2-initIn0_Brockhoff.tgz,inf,0,15,False
2,255,RS-20-initIn0_Brockhoff,2019/RS-20-initIn0_Brockhoff.tgz,inf,0,15,False
2,256,RS-20_Brockhoff,2019/RS-20_Brockhoff.tgz,inf,0,15,False
2,257,RS-2_Brockhoff,2019/RS-2_Brockhoff.tgz,inf,0,15,False
2,258,RS-3-initIn0_Brockhoff,2019/RS-3-initIn0_Brockhoff.tgz,inf,0,15,False
2,259,RS-3_Brockhoff,2019/RS-3_Brockhoff.tgz,inf,0,15,False
2,260,RS-4-initIn0_Brockhoff,2019/RS-4-initIn0_Brockhoff.tgz,inf,0,15,False
2,261,RS-5-initIn0_Brockhoff,2019/RS-5-initIn0_Brockhoff.tgz,inf,0,15,False
2,262,RS-6-initIn0_Brockhoff,2019/RS-6-initIn0_Brockhoff.tgz,inf,0,15,False
2,263,RS-6_Brockhoff,2019/RS-6_Brockhoff.tgz,inf,0,15,False
2,264,SMAC-BBOB_hutter,2013/SMAC-BBOB_hutter_noiseless.tgz,inf,0,15,False
2,265,SPSA_finck,2010/SPSA_finck_noiseless.tgz,inf,0,15,False
2,266,U-zero_tran,2013/U-zero_tran_noiseless.tgz,inf,0,15,False
2,267,WOA_Espinoza,2023/WOA_Espinoza.tgz,inf,0,15,False
2,268,adapt-Nelder-Mead-scipy-2019_Varelas,2019/adapt-Nelder-Mead-scipy-2019_Varelas.tgz,inf,0,15,False
3,1,bbob-f03-model-fit-adaptive-full,exdata/bbob-f03-model-fit-adaptive-full,13,15,15,True
3,2,BrentSTEPqi_Posik,2015/BrentSTEPqi_Posik.tgz,151.4,15,15,False
3,3,BrentSTEPif_Posik,2015/BrentSTEPif_Posik.tgz,159.266666667,15,15,False
3,4,BrentSTEPrr_Posik,2015/BrentSTEPrr_Posik.tgz,159.733333333,15,15,False
3,5,BrentSTEPifeg_Posik,2015/BrentSTEPifeg_Posik.tgz,160.666666667,15,15,False
3,6,STEPif_Posik,2015/STEPif_Posik.tgz,197.866666667,15,15,False
3,7,STEPrr_Posik,2015/STEPrr_Posik.tgz,199.666666667,15,15,False
3,8,STEPifeg_Posik,2015/STEPifeg_Posik.tgz,202.266666667,15,15,False
3,9,BIPOP-aCMA-STEP_loshchilov,2013/BIPOP-aCMA-STEP_loshchilov_noiseless.tgz,669.733333333,15,15,False
3,10,LSstep_posik,2009/LSstep_posik_noiseless.tgz,854.8,15,15,False
3,11,HCMA_loshchilov,2013/HCMA_loshchilov_noiseless.tgz,994.133333333,15,15,False
3,12,SHADE-LM-POP4-to-10_Okulewicz,2021/SHADE-LM-POP4-to-10_Okulewicz.tgz,1734.66666667,15,15,False
3,13,JADE_posik,2012/JADE_posik_noiseless.tgz,1914.53333333,15,15,False
3,14,JADEctpb_posik,2012/JADEctpb_posik_noiseless.tgz,1914.53333333,15,15,False
3,15,DE_posik,2012/DE_posik_noiseless.tgz,2052.33333333,15,15,False
3,16,DEb_posik,2012/DEb_posik_noiseless.tgz,2052.33333333,15,15,False
3,17,DEctpb_posik,2012/DEctpb_posik_noiseless.tgz,2374.46666667,15,15,False
3,18,DE-BFGS_voglis,2012/DE-BFGS_voglis_noiseless.tgz,2627.26666667,15,15,False
3,19,SHADE-LM_Okulewicz,2021/SHADE-LM_Okulewicz.tgz,2996.2,15,15,False
3,20,DE-ROLL_voglis,2012/DE-ROLL_voglis_noiseless.tgz,3029.93333333,15,15,False
3,21,uDE-best_Vodopija,2018/uDE-best_Vodopija.tgz,3108.26666667,15,15,False
3,22,R-SHADE-10e5_Tanabe,2015/R-SHADE-10e5_Tanabe.tgz,3507.93333333,15,15,False
3,23,DE-best_Vodopija,2018/DE-best_Vodopija.tgz,3649.8,15,15,False
3,24,MVDE_melo,2012/MVDE_melo_noiseless.tgz,3900.33333333,15,15,False
3,25,DBRCGA_chuang,2012/DBRCGA_chuang_noiseless.tgz,3965.46666667,15,15,False
3,26,JADEb_posik,2012/JADEb_posik_noiseless.tgz,3966.8,15,15,False
3,27,ABC_elabd,2010/ABC_elabd_noiseless.tgz,3977.86666667,15,15,False
3,28,DE-F-AUC_fialho,2010/DE-F-AUC_fialho_noiseless.tgz,4360.8,15,15,False
3,29,MOS_torre,2010/MOS_torre_noiseless.tgz,4655,15,15,False
3,30,oMads-Neg_Dahito,2022/oMads-Neg_Dahito.tgz,4718.53333333,15,15,False
3,31,uDE-ttb_Vodopija,2018/uDE-ttb_Vodopija.tgz,4876.13333333,15,15,False
3,32,DE-ttb_Vodopija,2018/DE-ttb_Vodopija.tgz,5099.93333333,15,15,False
3,33,DTS-CMA-ES_005-2pop_v26_1model_Bajer,2018/DTS-CMA-ES_005-2pop_v26_1model_Bajer.tgz,5472,2,15,False
3,34,GP1-CMAES_Bajer,2015/GP1-CMAES_Bajer.tgz,5531,2,15,False
3,35,DE-AUTO_voglis,2012/DE-AUTO_voglis_noiseless.tgz,5686.13333333,15,15,False
3,36,RL-SHADE-10e5_Tanabe,2015/RL-SHADE-10e5_Tanabe.tgz,5836.4,15,15,False
3,37,HMLSL_pal,2013/HMLSL_pal_noiseless.tgz,5953.07142857,14,15,False
3,38,DEAE_posik,2012/DEAE_posik_noiseless.tgz,5981.26666667,15,15,False
3,39,DE_Pal_pal,2013/DE_Pal_pal_noiseless.tgz,5985.07142857,14,15,False
3,40,uDE-rand_Vodopija,2018/uDE-rand_Vodopija.tgz,6026.8,15,15,False
3,41,DE-rand_Vodopija,2018/DE-rand_Vodopija.tgz,6054.93333333,15,15,False
3,42,Powell-scipy-2019_Varelas,2019/Powell-scipy-2019_Varelas.tgz,6259.2,15,15,False
3,43,DD-CMA-ES-Akimoto_Gharafi,2022/DD-CMA-ES-Akimoto_Gharafi.tgz,6281.4,15,15,False
3,44,NELDERDOERR_doerr,2009/NELDERDOERR_doerr_noiseless.tgz,7119.86666667,15,15,False
3,45,oMads-2N_Dahito,2022/oMads-2N_Dahito.tgz,7268.53333333,15,15,False
3,46,MA-LS-CHAIN_molina,2009/MA-LS-CHAIN_molina_noiseless.tgz,7302.5,14,15,False
3,47,I-DBDP-GL_Kudela,2023/I-DBDP-GL_Kudela.tgz,7304.73333333,15,15,False
3,48,DE-SIMPLEX_voglis,2012/DE-SIMPLEX_voglis_noiseless.tgz,7335.6,15,15,False
3,49,DIRECT-REV_Kudela,2023/DIRECT-REV_Kudela.tgz,7370.2,15,15,False
3,50,PSO-BFGS_voglis,2012/PSO-BFGS_voglis_noiseless.tgz,7488.26666667,15,15,False
3,51,DD-CMA-ES-pycma_Gharafi,2022/DD-CMA-ES-pycma_Gharafi.tgz,7578.13333333,15,15,False
3,52,OQNLP_pal,2013/OQNLP_pal_noiseless.tgz,8137.71428571,7,15,False
3,53,SOO_Derbel,2015/SOO_Derbel.tgz,8630.53333333,15,15,False
3,54,CMA-CSA_Atamna,2015/CMA-CSA_Atamna.tgz,8844.13333333,15,15,False
3,55,IPOP-CMA-ES-2019_Faury,incomplete/2019/IPOP-CMA-ES-2019_Faury.tgz,9066,14,15,False
3,56,R-DE-10e5_Tanabe,2015/R-DE-10e5_Tanabe.tgz,9223.8,15,15,False
3,57,MEMPSODE_voglis,2013/MEMPSODE_voglis_noiseless.tgz,9282.33333333,15,15,False
3,58,sc-CMA-ES_Gissler,2023/sc-CMA-ES_Gissler.tgz,9796.6,15,15,False
3,59,PRCGA_sawyerr,2013/PRCGA_sawyerr_noiseless.tgz,10056.2666667,15,15,False
3,60,PSO_el-abd,2009/PSO_el-abd_noiseless.tgz,10234.6,15,15,False
3,61,d-CMA-ES_Gissler,2023/d-CMA-ES_Gissler.tgz,10262.2666667,15,15,False
3,62,MCS_huyer,2009/MCS_huyer_noiseless.tgz,10370.9333333,15,15,False
3,63,DASA_korosec,2009/DASA_korosec_noiseless.tgz,10495.1333333,15,15,False
3,64,BIPOPaCMA_loshchilov,2012/BIPOPaCMA_loshchilov_noiseless.tgz,10644.1333333,15,15,False
3,65,PSA-CMA-ES_Nishida,2018/PSA-CMA-ES_Nishida.tgz,10907.4666667,15,15,False
3,66,CMAma_brockhoff,2012/CMAma_brockhoff_noiseless.tgz,10991.6,15,15,False
3,67,KL-Restart-CMA-ES_Yamaguchi,2017/KL-Restart-CMA-ES_Yamaguchi.tgz,11110.9333333,15,15,False
3,68,CMA-MSR_Atamna,2015/CMA-MSR_Atamna.tgz,11140.6,15,15,False
3,69,IPOPCMAv3p61_Bajer_2013instances,2015/IPOPCMAv3p61_Bajer_2013instances.tgz,11158,1,15,False
3,70,GP1-CMAES_Bajer_2013instances,2015/GP1-CMAES_Bajer_2013instances.tgz,11230,1,15,False
3,71,uBBDE-ttb_Vodopija,2018/uBBDE-ttb_Vodopija.tgz,11424.8666667,15,15,False
3,72,CMA-ES-pycma_Gharafi,2022/CMA-ES-pycma_Gharafi.tgz,11441,15,15,False
3,73,BIPOPsaACM_loshchilov,2012/BIPOPsaACM_loshchilov_noiseless.tgz,11499.5333333,15,15,False
3,74,CMA-TPA_Atamna,2015/CMA-TPA_Atamna.tgz,12117.6,15,15,False
3,75,texp_liao,2013/texp_liao_noiseless.tgz,12317.9333333,15,15,False
3,76,cma-bp-bbob_Brockhoff,2023/cma-bp-bbob_Brockhoff.tgz,12706.6153846,13,15,False
3,77,FULLNEWUOA_ros,2009/FULLNEWUOA_ros_noiseless.tgz,12810.4545455,11,15,False
3,78,GNN-CMA-ES_Faury,incomplete/2019/GNN-CMA-ES_Faury.tgz,13130.9230769,13,15,False
3,79,AMALGAM_bosman,2009/AMALGAM_bosman_noiseless.tgz,13161,15,15,False
3,80,BIPOP-saACM-k_loshchilov,2013/BIPOP-saACM-k_loshchilov_noiseless.tgz,13181.5333333,15,15,False
3,81,lmm-CMA-ES_auger,2013/lmm-CMA-ES_auger_noiseless.tgz,13543.5,2,15,False
3,82,DE-PSO_garcia-nieto,2009/DE-PSO_garcia-nieto_noiseless.tgz,13694.5,6,15,False
3,83,default-CMA-ES_Gissler,2023/default-CMA-ES_Gissler.tgz,13935.3333333,15,15,False
3,84,GLOBAL_pal,2009/GLOBAL_pal_noiseless.tgz,13950.6666667,3,15,False
3,85,KL-BIPOP-CMA-ES_Yamaguchi,2017/KL-BIPOP-CMA-ES_Yamaguchi.tgz,14119.9333333,15,15,False
3,86,CMA-ES-Akimoto_Gharafi,2022/CMA-ES-Akimoto_Gharafi.tgz,14762.8,15,15,False
3,87,IPOP-SEP-CMA-ES_ros,2009/IPOP-SEP-CMA-ES_ros_noiseless.tgz,14939.0769231,13,15,False
3,88,DIRECT_posik,2009/DIRECT_posik_noiseless.tgz,14957.2,5,5,False
3,89,IPOP-ACTCMA-ES_ros,2010/IPOP-ACTCMA-ES_ros_noiseless.tgz,15393.2,15,15,False
3,90,BBDE-best_Vodopija,2018/BBDE-best_Vodopija.tgz,15490.7333333,15,15,False
3,91,IP-10DDr_liao,2013/IP-10DDr_liao_noiseless.tgz,15636.6666667,15,15,False
3,92,CMAES_posik,2012/CMAES_posik_noiseless.tgz,17580.3333333,15,15,False
3,93,sd-CMA-ES_Gissler,2023/sd-CMA-ES_Gissler.tgz,17831.8,15,15,False
3,94,tany_liao,2013/tany_liao_noiseless.tgz,18370,15,15,False
3,95,IP-500_liao,2013/IP-500_liao_noiseless.tgz,18626.3333333,15,15,False
3,96,dm-CMA-ES_Gissler,2023/dm-CMA-ES_Gissler.tgz,18660.7333333,15,15,False
3,97,CMAm_brockhoff,2012/CMAm_brockhoff_noiseless.tgz,18725.3333333,15,15,False
3,98,scdm-CMA-ES_Gissler,2023/scdm-CMA-ES_Gissler.tgz,19116.2,15,15,False
3,99,CMAES-APOP-Var2_Nguyen,2018/CMAES-APOP-Var2_Nguyen.tgz,19167.5333333,15,15,False
3,100,ALPS_hornby,2009/ALPS_hornby_noiseless.tgz,19499.3333333,15,15,False
3,101,cd-CMA-ES_Gissler,2023/cd-CMA-ES_Gissler.tgz,19729.6666667,15,15,False
3,102,lq-CMA-ES_Hansen,2020/lq-CMA-ES_Hansen.tgz,20077.1333333,15,15,False
3,103,BBDE-ttb_Vodopija,2018/BBDE-ttb_Vodopija.tgz,20217.6666667,15,15,False
3,104,Adaptive-Two-Mode_Bodner,2019/Adaptive-Two-Mode_Bodner.tgz,20317.8666667,15,15,False
3,105,cma-bt-bbob_Brockhoff,2023/cma-bt-bbob_Brockhoff.tgz,20478.5454545,11,15,False
3,106,m-SDWOA_Espinoza,2023/m-SDWOA_Espinoza.tgz,20538.0666667,15,15,False
3,107,PSA-CMA-ESwRS_Nishida,2018/PSA-CMA-ESwRS_Nishida.tgz,20632.4,15,15,False
3,108,DE-scipy-2019_Varelas,2019/DE-scipy-2019_Varelas.tgz,20889,15,15,False
3,109,PSAaSmD-CMA-ES_Nishida,2016/PSAaSmD-CMA-ES_Nishida.tgz,21596.1333333,15,15,False
3,110,CMAES-APOP-Var1_Nguyen,2018/CMAES-APOP-Var1_Nguyen.tgz,22263.8666667,15,15,False
3,111,cdm-CMA-ES_Gissler,2023/cdm-CMA-ES_Gissler.tgz,22470,15,15,False
3,112,EvoSpace-PSO-GA_Garcia-Valdez,2017/EvoSpace-PSO-GA_Garcia-Valdez.tgz,22592.8,15,15,False
3,113,uBBDE-best_Vodopija,2018/uBBDE-best_Vodopija.tgz,22673,15,15,False
3,114,BIPOP-CMA-ES_hansen,2009/BIPOP-CMA-ES_hansen_noiseless.tgz,22731.6,15,15,False
3,115,CMAES-APOP-KP_Nguyen,2022/CMAES-APOP-KP_Nguyen.tgz,24155.8666667,15,15,False
3,116,a-CMA-ES_Gissler,2023/a-CMA-ES_Gissler.tgz,25506.9333333,15,15,False
3,117,NBC-CMA_preuss,2010/NBC-CMA_preuss_noiseless.tgz,26579.9333333,15,15,False
3,118,BIRMIN_Kudela,2023/BIRMIN_Kudela.tgz,26685.2307692,13,15,False
3,119,CMAES-APOP-KMA_Nguyen,2022/CMAES-APOP-KMA_Nguyen.tgz,26797.9333333,15,15,False
3,120,CMAES-APOP-MA_Nguyen,2022/CMAES-APOP-MA_Nguyen.tgz,26870,15,15,False
3,121,AVGNEWUOA_ros,2010/AVGNEWUOA_ros_noiseless.tgz,27547.5714286,7,15,False
3,122,CMAa_brockhoff,2012/CMAa_brockhoff_noiseless.tgz,27938.8666667,15,15,False
3,123,CMAES-APOP-Var3_Nguyen,2018/CMAES-APOP-Var3_Nguyen.tgz,29339.7333333,15,15,False
3,124,CMAmah_brockhoff,2012/CMAmah_brockhoff_noiseless.tgz,29819.8666667,15,15,False
3,125,scd-CMA-ES_Gissler,2023/scd-CMA-ES_Gissler.tgz,30532.6,15,15,False
3,126,IPOP-CMA-ES_ros,2010/IPOP-CMA-ES_ros_noiseless.tgz,30760.1333333,15,15,False
3,127,CMA-ESPLUSSEL_auger,2009/CMA-ESPLUSSEL_auger_noiseless.tgz,31519.8888889,9,15,False
3,128,1komma4_brockhoff,2010/1komma4_brockhoff_noiseless.tgz,33074,9,15,False
3,129,sdm-CMA-ES_Gissler,2023/sdm-CMA-ES_Gissler.tgz,33226.7333333,15,15,False
3,130,iAMALGAM_bosman,2009/iAMALGAM_bosman_noiseless.tgz,33752.8,15,15,False
3,131,1komma4mir_brockhoff,2010/1komma4mir_brockhoff_noiseless.tgz,34756.6666667,9,15,False
3,132,1komma4mirser_brockhoff,2010/1komma4mirser_brockhoff_noiseless.tgz,35342.5,8,15,False
3,133,CMAES-APOP_Nguyen,2017/CMAES-APOP_Nguyen.tgz,36256,15,15,False
3,134,NBIPOPaCMA_loshchilov,2012/NBIPOPaCMA_loshchilov_noiseless.tgz,36795.6666667,15,15,False
3,135,VNS_garcia-martinez,2009/VNS_garcia-martinez_noiseless.tgz,36838.1333333,15,15,False
3,136,CMA_brockhoff,2012/CMA_brockhoff_noiseless.tgz,36994.7333333,15,15,False
3,137,NIPOPaCMA_loshchilov,2012/NIPOPaCMA_loshchilov_noiseless.tgz,37021.7333333,15,15,False
3,138,1plus2mirser_brockhoff,2010/1plus2mirser_brockhoff_noiseless.tgz,39017.25,8,15,False
3,139,SNES_schaul,2012/SNES_schaul_noiseless.tgz,39390,15,15,False
3,140,SLSQP-11-scipy_Hansen,2020/SLSQP-11-scipy_Hansen.tgz,39408.0833333,12,15,False
3,141,BBDE-N_Vodopija,2018/BBDE-N_Vodopija.tgz,40261.8666667,15,15,False
3,142,BBDE_Vodopija,2018/BBDE_Vodopija.tgz,40903.8666667,15,15,False
3,143,oPOEMS_kubalic,2010/oPOEMS_kubalic_noiseless.tgz,41853.3333333,15,15,False
3,144,POEMS_kubalik,2009/POEMS_kubalik_noiseless.tgz,41988.0666667,15,15,False
3,145,uBBDE-N_Vodopija,2018/uBBDE-N_Vodopija.tgz,42288.4,15,15,False
3,146,EDA-PSO_el-abd,2009/EDA-PSO_el-abd_noiseless.tgz,42546.9285714,14,15,False
3,147,uBBDE_Vodopija,2018/uBBDE_Vodopija.tgz,43121.8666667,15,15,False
3,148,PSAaLmC-CMA-ES_Nishida,2016/PSAaLmC-CMA-ES_Nishida.tgz,43560.7333333,15,15,False
3,149,SLSQP+lq-CMA-ES_Hansen,2020/SLSQP+lq-CMA-ES_Hansen.tgz,44557.9333333,15,15,False
3,150,LSfminbnd_posik,2009/LSfminbnd_posik_noiseless.tgz,44729.3333333,3,15,False
3,151,IP_liao,2013/IP_liao_noiseless.tgz,45297.0666667,15,15,False
3,152,NEWUOA_ros,2009/NEWUOA_ros_noiseless.tgz,45328,4,15,False
3,153,c-CMA-ES_Gissler,2023/c-CMA-ES_Gissler.tgz,45828.3333333,15,15,False
3,154,KL-IPOP-CMA-ES_Yamaguchi,2017/KL-IPOP-CMA-ES_Yamaguchi.tgz,46138.8666667,15,15,False
3,155,s-CMA-ES_Gissler,2023/s-CMA-ES_Gissler.tgz,46980.5333333,15,15,False
3,156,fminunc_pal,2013/fminunc_pal_noiseless.tgz,47399.2857143,7,15,False
3,157,1komma4ser_brockhoff,2010/1komma4ser_brockhoff_noiseless.tgz,48733.8571429,7,15,False
3,158,PM-AdapSS-DE_fialho,2010/PM-AdapSS-DE_fialho_noiseless.tgz,50533.9230769,13,15,False
3,159,PSO_Bounds_el-abd,2009/PSO_Bounds_el-abd_noiseless.tgz,54754.6,15,15,False
3,160,xNESas_schaul,2012/xNESas_schaul_noiseless.tgz,55024.2,15,15,False
3,161,ONEFIFTH_auger,2009/ONEFIFTH_auger_noiseless.tgz,57102.9333333,15,15,False
3,162,xNES_schaul,2012/xNES_schaul_noiseless.tgz,58171.8666667,15,15,False
3,163,PSAaSmC-CMA-ES_Nishida,2016/PSAaSmC-CMA-ES_Nishida.tgz,59159.7333333,15,15,False
3,164,SLSQP-scipy-2019_Varelas,2019/SLSQP-scipy-2019_Varelas.tgz,61721.1333333,15,15,False
3,165,RCGA_tran,2010/RCGA_tran_noiseless.tgz,61738.4,15,15,False
3,166,MLSL_pal,2013/MLSL_pal_noiseless.tgz,62942.3333333,6,15,False
3,167,CMA-ES-2019_Hansen,2020/CMA-ES-2019_Hansen.tgz,63139.8666667,15,15,False
3,168,IPOPsaACM_loshchilov,2012/IPOPsaACM_loshchilov_noiseless.tgz,65807.8,15,15,False
3,169,adm-CMA-ES_Gissler,2023/adm-CMA-ES_Gissler.tgz,68138.9285714,14,15,False
3,170,fmincon_pal,2013/fmincon_pal_noiseless.tgz,70901.6666667,6,15,False
3,171,CMAmh_brockhoff,2012/CMAmh_brockhoff_noiseless.tgz,77745.2666667,15,15,False
3,172,PSAaLmD-CMA-ES_Nishida,2016/PSAaLmD-CMA-ES_Nishida.tgz,77861.7142857,14,15,False
3,173,1plus1_brockhoff,2010/1plus1_brockhoff_noiseless.tgz,79301.2,5,15,False
3,174,ad-CMA-ES_Gissler,2023/ad-CMA-ES_Gissler.tgz,82849.3333333,15,15,False
3,175,NELDER_hansen,2009/NELDER_hansen_noiseless.tgz,85981.6666667,15,15,False
3,176,simplex_pal,2013/simplex_pal_noiseless.tgz,87912.8,5,15,False
3,177,1komma2mir_brockhoff,2010/1komma2mir_brockhoff_noiseless.tgz,90497.5,4,15,False
3,178,ACOR_liao,2012/ACOR_liao_noiseless.tgz,94821.8,15,15,False
3,179,BFGS-P-09_Blelly,2018/BFGS-P-09_Blelly.tgz,99465,2,15,False
3,180,1komma2mirser_brockhoff,2010/1komma2mirser_brockhoff_noiseless.tgz,105057.25,4,15,False
3,181,GA_nicolau,2009/GA_nicolau_noiseless.tgz,109854.133333,15,15,False
3,182,DEuniform_fialho,2010/DEuniform_fialho_noiseless.tgz,113818.727273,11,15,False
3,183,BFGS_ros,2009/BFGS_ros_noiseless.tgz,129065,1,15,False
3,184,BFGS-scipy-2019_Varelas,2019/BFGS-scipy-2019_Varelas.tgz,149234.538462,13,15,False
3,185,L-BFGS-B-scipy-2019_Varelas,2019/L-BFGS-B-scipy-2019_Varelas.tgz,195729.5,12,15,False
3,186,SSEABC_Aydin,2017/SSEABC_Aydin.tgz,200652,2,15,False
3,187,1komma2_brockhoff,2010/1komma2_brockhoff_noiseless.tgz,209444,2,15,False
3,188,pPOEMS_kubalic,2010/pPOEMS_kubalic_noiseless.tgz,214165.333333,15,15,False
3,189,G3PCX_posik,2009/G3PCX_posik_noiseless.tgz,276616.5,6,15,False
3,190,P-DCN_tran,2013/P-DCN_tran_noiseless.tgz,305203.266667,15,15,False
3,191,CG-scipy-2019_Varelas,2019/CG-scipy-2019_Varelas.tgz,308606.1,10,15,False
3,192,Rosenbrock_posik,2009/Rosenbrock_posik_noiseless.tgz,339626,1,15,False
3,193,P-zero_tran,2013/P-zero_tran_noiseless.tgz,396591.266667,15,15,False
3,194,E-WOA_Espinoza,2023/E-WOA_Espinoza.tgz,445745,1,15,False
3,195,U-DCN_tran,2013/U-DCN_tran_noiseless.tgz,680090.307692,13,15,False
3,196,CMAEGS_finck,2010/CMAEGS_finck_noiseless.tgz,1212324,3,15,False
3,197,HE-ES_Glasmachers,2020/HE-ES_Glasmachers.tgz,2069721.11111,9,15,False
3,198,TNC-scipy-2019_Varelas,2019/TNC-scipy-2019_Varelas.tgz,4357980,1,15,False
3,199,1komma2ser_brockhoff,2010/1komma2ser_brockhoff_noiseless.tgz,inf,0,15,False
3,200,BAYEDA_gallagher,2009/BAYEDA_gallagher_noiseless.tgz,inf,0,15,False
3,201,BFGS-M-17_Blelly,2018/BFGS-M-17_Blelly.tgz,inf,0,15,False
3,202,BFGS-P-Instances_Blelly,2018/BFGS-P-Instances_Blelly.tgz,inf,0,15,False
3,203,BFGS-P-StPt_Blelly,2018/BFGS-P-StPt_Blelly.tgz,inf,0,15,False
3,204,BFGS-P-range_Blelly,2018/BFGS-P-range_Blelly.tgz,inf,0,15,False
3,205,CGA-grid100_holtschulte,2013/CGA-grid100_holtschulte_noiseless.tgz,inf,0,15,False
3,206,CGA-grid16_holtschulte,2013/CGA-grid16_holtschulte_noiseless.tgz,inf,0,15,False
3,207,CGA-ring100_holtschulte,2013/CGA-ring100_holtschulte_noiseless.tgz,inf,0,15,False
3,208,CGA-ring16_holtschulte,2013/CGA-ring16_holtschulte_noiseless.tgz,inf,0,15,False
3,209,CMAES_Hutter_hutter,2013/CMAES_Hutter_hutter_noiseless.tgz,inf,0,15,False
3,210,COBYLA-scipy-2019_Varelas,2019/COBYLA-scipy-2019_Varelas.tgz,inf,0,15,False
3,211,Cauchy-EDA_posik,2009/Cauchy-EDA_posik_noiseless.tgz,inf,0,15,False
3,212,DTS-CMA-ES_Pitra,2017/DTS-CMA-ES_Pitra.tgz,inf,0,15,False
3,213,EXPLO2_Huntsman,2022/EXPLO2_Huntsman.tgz,inf,0,15,False
3,214,GA-100_holtschulte,2013/GA-100_holtschulte_noiseless.tgz,inf,0,15,False
3,215,GP5-CMAES_Bajer,2015/GP5-CMAES_Bajer.tgz,inf,0,15,False
3,216,GP5-CMAES_Bajer_2013instances,2015/GP5-CMAES_Bajer_2013instances.tgz,inf,0,15,False
3,217,HILL_holtschulte,2013/HILL_holtschulte_noiseless.tgz,inf,0,15,False
3,218,IPOP400D_auger,2013/IPOP400D_auger_noiseless.tgz,inf,0,15,False
3,219,IPOPCMAv3p61_Bajer,2015/IPOPCMAv3p61_Bajer.tgz,inf,0,15,False
3,220,LHD-10xDefault-MATSuMoTo_Brockhoff,2015/LHD-10xDefault-MATSuMoTo_Brockhoff.tgz,inf,0,15,False
3,221,LHD-2xDefault-MATSuMoTo_Brockhoff,2015/LHD-2xDefault-MATSuMoTo_Brockhoff.tgz,inf,0,15,False
3,222,MATSUMOTO_Brockhoff,2015/MATSUMOTO_Brockhoff.tgz,inf,0,15,False
3,223,Nelder-Mead-scipy-2019_Varelas,2019/Nelder-Mead-scipy-2019_Varelas.tgz,inf,0,15,False
3,224,Ord-H-DTS-CMA-ES_Pitra,2017/Ord-H-DTS-CMA-ES_Pitra.tgz,inf,0,15,False
3,225,Ord-N-DTS-CMA-ES_Pitra,2017/Ord-N-DTS-CMA-ES_Pitra.tgz,inf,0,15,False
3,226,Ord-Q-DTS-CMA-ES_Pitra,2017/Ord-Q-DTS-CMA-ES_Pitra.tgz,inf,0,15,False
3,227,R-DE-10e2_Tanabe,2015/R-DE-10e2_Tanabe.tgz,inf,0,15,False
3,228,R-SHADE-10e2_Tanabe,2015/R-SHADE-10e2_Tanabe.tgz,inf,0,15,False
3,229,RAND-2xDefault-MATSuMoTo_Brockhoff,2015/RAND-2xDefault-MATSuMoTo_Brockhoff.tgz,inf,0,15,False
3,230,RANDOMSEARCH-4-1e7D_Brockhoff,2017/RANDOMSEARCH-4-1e7D_Brockhoff.tgz,inf,0,15,False
3,231,RANDOMSEARCH-4p5-1e7D_Brockhoff,2017/RANDOMSEARCH-4p5-1e7D_Brockhoff.tgz,inf,0,15,False
3,232,RANDOMSEARCH-5-1e7D_Brockhoff,2017/RANDOMSEARCH-5-1e7D_Brockhoff.tgz,inf,0,15,False
3,233,RANDOMSEARCH_auger,2009/RANDOMSEARCH_auger_noiseless.tgz,inf,0,15,False
3,234,RF1-CMAES_Bajer,2015/RF1-CMAES_Bajer.tgz,inf,0,15,False
3,235,RF1-CMAES_Bajer_2013instances,2015/RF1-CMAES_Bajer_2013instances.tgz,inf,0,15,False
3,236,RF5-CMAES_Bajer,2015/RF5-CMAES_Bajer.tgz,inf,0,15,False
3,237,RF5-CMAES_Bajer_2013instances,2015/RF5-CMAES_Bajer_2013instances.tgz,inf,0,15,False
3,238,RL-SHADE-10e2_Tanabe,2015/RL-SHADE-10e2_Tanabe.tgz,inf,0,15,False
3,239,RS-0p5-initIn0_Brockhoff,2019/RS-0p5-initIn0_Brockhoff.tgz,inf,0,15,False
3,240,RS-0p5_Brockhoff,2019/RS-0p5_Brockhoff.tgz,inf,0,15,False
3,241,RS-1-initIn0_Brockhoff,2019/RS-1-initIn0_Brockhoff.tgz,inf,0,15,False
3,242,RS-10-initIn0_Brockhoff,2019/RS-10-initIn0_Brockhoff.tgz,inf,0,15,False
3,243,RS-10_Brockhoff,2019/RS-10_Brockhoff.tgz,inf,0,15,False
3,244,RS-1_Brockhoff,2019/RS-1_Brockhoff.tgz,inf,0,15,False
3,245,RS-2-initIn0_Brockhoff,2019/RS-2-initIn0_Brockhoff.tgz,inf,0,15,False
3,246,RS-20-initIn0_Brockhoff,2019/RS-20-initIn0_Brockhoff.tgz,inf,0,15,False
3,247,RS-20_Brockhoff,2019/RS-20_Brockhoff.tgz,inf,0,15,False
3,248,RS-2_Brockhoff,2019/RS-2_Brockhoff.tgz,inf,0,15,False
3,249,RS-3-initIn0_Brockhoff,2019/RS-3-initIn0_Brockhoff.tgz,inf,0,15,False
3,250,RS-3_Brockhoff,2019/RS-3_Brockhoff.tgz,inf,0,15,False
3,251,RS-4-initIn0_Brockhoff,2019/RS-4-initIn0_Brockhoff.tgz,inf,0,15,False
3,252,RS-5-initIn0_Brockhoff,2019/RS-5-initIn0_Brockhoff.tgz,inf,0,15,False
3,253,RS-6-initIn0_Brockhoff,2019/RS-6-initIn0_Brockhoff.tgz,inf,0,15,False
3,254,RS-6_Brockhoff,2019/RS-6_Brockhoff.tgz,inf,0,15,False
3,255,SMAC-BBOB_hutter,2013/SMAC-BBOB_hutter_noiseless.tgz,inf,0,15,False
3,256,SPSA_finck,2010/SPSA_finck_noiseless.tgz,inf,0,15,False
3,257,U-zero_tran,2013/U-zero_tran_noiseless.tgz,inf,0,15,False
3,258,WOA_Espinoza,2023/WOA_Espinoza.tgz,inf,0,15,False
3,259,adapt-Nelder-Mead-scipy-2019_Varelas,2019/adapt-Nelder-Mead-scipy-2019_Varelas.tgz,inf,0,15,False
5,1,bbob-f03-model-fit-adaptive-full,exdata/bbob-f03-model-fit-adaptive-full,21.0666666667,15,15,True
5,2,BrentSTEPrr_Posik,2015/BrentSTEPrr_Posik.tgz,315.533333333,15,15,False
5,3,BrentSTEPif_Posik,2015/BrentSTEPif_Posik.tgz,324.4,15,15,False
5,4,BrentSTEPqi_Posik,2015/BrentSTEPqi_Posik.tgz,325.133333333,15,15,False
5,5,BrentSTEPifeg_Posik,2015/BrentSTEPifeg_Posik.tgz,330.533333333,15,15,False
5,6,STEPrr_Posik,2015/STEPrr_Posik.tgz,351.066666667,15,15,False
5,7,STEPifeg_Posik,2015/STEPifeg_Posik.tgz,355.866666667,15,15,False
5,8,STEPif_Posik,2015/STEPif_Posik.tgz,361.466666667,15,15,False
5,9,BIPOP-aCMA-STEP_loshchilov,2013/BIPOP-aCMA-STEP_loshchilov_noiseless.tgz,723.333333333,15,15,False
5,10,LSstep_posik,2009/LSstep_posik_noiseless.tgz,1657.33333333,15,15,False
5,11,SHADE-LM-POP4-to-10_Okulewicz,2021/SHADE-LM-POP4-to-10_Okulewicz.tgz,4527.93333333,15,15,False
5,12,DE_Pal_pal,2013/DE_Pal_pal_noiseless.tgz,4942.73333333,15,15,False
5,13,HMLSL_pal,2013/HMLSL_pal_noiseless.tgz,5411.8,15,15,False
5,14,DE_posik,2012/DE_posik_noiseless.tgz,5876.53333333,15,15,False
5,15,DEb_posik,2012/DEb_posik_noiseless.tgz,5876.53333333,15,15,False
5,16,JADE_posik,2012/JADE_posik_noiseless.tgz,5941.06666667,15,15,False
5,17,JADEctpb_posik,2012/JADEctpb_posik_noiseless.tgz,5941.06666667,15,15,False
5,18,DEctpb_posik,2012/DEctpb_posik_noiseless.tgz,6689.93333333,15,15,False
5,19,MOS_torre,2010/MOS_torre_noiseless.tgz,7731.8,15,15,False
5,20,ABC_elabd,2010/ABC_elabd_noiseless.tgz,7959.53333333,15,15,False
5,21,R-SHADE-10e5_Tanabe,2015/R-SHADE-10e5_Tanabe.tgz,8883.93333333,15,15,False
5,22,MVDE_melo,2012/MVDE_melo_noiseless.tgz,9769.2,15,15,False
5,23,SHADE-LM_Okulewicz,2021/SHADE-LM_Okulewicz.tgz,9895.46666667,15,15,False
5,24,DE-ROLL_voglis,2012/DE-ROLL_voglis_noiseless.tgz,10862.2666667,15,15,False
5,25,JADEb_posik,2012/JADEb_posik_noiseless.tgz,12371.2,15,15,False
5,26,DE-BFGS_voglis,2012/DE-BFGS_voglis_noiseless.tgz,12625.1333333,15,15,False
5,27,DE-best_Vodopija,2018/DE-best_Vodopija.tgz,14364.3333333,15,15,False
5,28,uDE-best_Vodopija,2018/uDE-best_Vodopija.tgz,14689.8,15,15,False
5,29,RL-SHADE-10e5_Tanabe,2015/RL-SHADE-10e5_Tanabe.tgz,17115.2666667,15,15,False
5,30,DTS-CMA-ES_005-2pop_v26_1model_Bajer,2018/DTS-CMA-ES_005-2pop_v26_1model_Bajer.tgz,17752,1,15,False
5,31,DASA_korosec,2009/DASA_korosec_noiseless.tgz,17828.1333333,15,15,False
5,32,DE-ttb_Vodopija,2018/DE-ttb_Vodopija.tgz,19545.5333333,15,15,False
5,33,uDE-ttb_Vodopija,2018/uDE-ttb_Vodopija.tgz,20408.2,15,15,False
5,34,DBRCGA_chuang,2012/DBRCGA_chuang_noiseless.tgz,21006.6,15,15,False
5,35,R-DE-10e5_Tanabe,2015/R-DE-10e5_Tanabe.tgz,23485.0666667,15,15,False
5,36,MEMPSODE_voglis,2013/MEMPSODE_voglis_noiseless.tgz,25199.5333333,15,15,False
5,37,DE-rand_Vodopija,2018/DE-rand_Vodopija.tgz,27637.7333333,15,15,False
5,38,uDE-rand_Vodopija,2018/uDE-rand_Vodopija.tgz,28362.0666667,15,15,False
5,39,DE-SIMPLEX_voglis,2012/DE-SIMPLEX_voglis_noiseless.tgz,31214.6666667,15,15,False
5,40,DE-AUTO_voglis,2012/DE-AUTO_voglis_noiseless.tgz,33686.6,15,15,False
5,41,PRCGA_sawyerr,2013/PRCGA_sawyerr_noiseless.tgz,45443.4,15,15,False
5,42,Adaptive-Two-Mode_Bodner,2019/Adaptive-Two-Mode_Bodner.tgz,50725.0666667,15,15,False
5,43,EG50-cocopf_Baudis,incomplete/2014/EG50-cocopf_Baudis.tgz,53164.4666667,15,15,False
5,44,MA-LS-CHAIN_molina,2009/MA-LS-CHAIN_molina_noiseless.tgz,53179.8571429,14,15,False
5,45,ALPS_hornby,2009/ALPS_hornby_noiseless.tgz,59407.2,15,15,False
5,46,CMA-MSR_Atamna,2015/CMA-MSR_Atamna.tgz,63704.6428571,14,15,False
5,47,EvoSpace-PSO-GA_Garcia-Valdez,2017/EvoSpace-PSO-GA_Garcia-Valdez.tgz,63924.6666667,15,15,False
5,48,Powell-scipy_Baudis,incomplete/2014/Powell-scipy_Baudis.tgz,71432.8666667,15,15,False
5,49,KL-Restart-CMA-ES_Yamaguchi,2017/KL-Restart-CMA-ES_Yamaguchi.tgz,72597,15,15,False
5,50,texp_liao,2013/texp_liao_noiseless.tgz,72871.3333333,15,15,False
5,51,tany_liao,2013/tany_liao_noiseless.tgz,85717.8666667,15,15,False
5,52,UNIF-cocopf_Baudis,incomplete/2014/UNIF-cocopf_Baudis.tgz,88067.7333333,15,15,False
5,53,HCMA_loshchilov,2013/HCMA_loshchilov_noiseless.tgz,90314.3333333,15,15,False
5,54,oPOEMS_kubalic,2010/oPOEMS_kubalic_noiseless.tgz,94393.2,15,15,False
5,55,POEMS_kubalik,2009/POEMS_kubalik_noiseless.tgz,95014.2666667,15,15,False
5,56,DE-F-AUC_fialho,2010/DE-F-AUC_fialho_noiseless.tgz,99968.6923077,13,15,False
5,57,IP-10DDr_liao,2013/IP-10DDr_liao_noiseless.tgz,100804,15,15,False
5,58,I-DBDP-GL_Kudela,2023/I-DBDP-GL_Kudela.tgz,100963.076923,13,15,False
5,59,PSA-CMA-ESwRS_Nishida,2018/PSA-CMA-ESwRS_Nishida.tgz,101489.266667,15,15,False
5,60,BBDE-ttb_Vodopija,2018/BBDE-ttb_Vodopija.tgz,105369.266667,15,15,False
5,61,GNN-CMA-ES_Faury,incomplete/2019/GNN-CMA-ES_Faury.tgz,112280.6,5,15,False
5,62,DEAE_posik,2012/DEAE_posik_noiseless.tgz,115879.923077,13,15,False
5,63,IPOP-CMA-ES-2019_Faury,incomplete/2019/IPOP-CMA-ES-2019_Faury.tgz,117093.8,5,15,False
5,64,Powell-scipy-2019_Varelas,2019/Powell-scipy-2019_Varelas.tgz,117885.642857,14,15,False
5,65,uBBDE-ttb_Vodopija,2018/uBBDE-ttb_Vodopija.tgz,118823.923077,13,15,False
5,66,cma-bt-bbob_Brockhoff,2023/cma-bt-bbob_Brockhoff.tgz,119012.4,5,15,False
5,67,VNS_garcia-martinez,2009/VNS_garcia-martinez_noiseless.tgz,128370.6,15,15,False
5,68,CMAES-APOP-KMA_Nguyen,2022/CMAES-APOP-KMA_Nguyen.tgz,130482.2,15,15,False
5,69,PSA-CMA-ES_Nishida,2018/PSA-CMA-ES_Nishida.tgz,138966.066667,15,15,False
5,70,BIPOP-saACM-k_loshchilov,2013/BIPOP-saACM-k_loshchilov_noiseless.tgz,157943.533333,15,15,False
5,71,IPOP-SEP-CMA-ES_ros,2009/IPOP-SEP-CMA-ES_ros_noiseless.tgz,160659.25,4,15,False
5,72,DE-scipy-2019_Varelas,2019/DE-scipy-2019_Varelas.tgz,163487.076923,13,15,False
5,73,DD-CMA-ES-Akimoto_Gharafi,2022/DD-CMA-ES-Akimoto_Gharafi.tgz,173142.066667,15,15,False
5,74,PSO_Bounds_el-abd,2009/PSO_Bounds_el-abd_noiseless.tgz,175294.285714,14,15,False
5,75,CMAES-APOP-Var3_Nguyen,2018/CMAES-APOP-Var3_Nguyen.tgz,194880.266667,15,15,False
5,76,PSO-BFGS_voglis,2012/PSO-BFGS_voglis_noiseless.tgz,197787.692308,13,15,False
5,77,CMAES-APOP-KP_Nguyen,2022/CMAES-APOP-KP_Nguyen.tgz,200654.8,15,15,False
5,78,RCGA_tran,2010/RCGA_tran_noiseless.tgz,200859,12,15,False
5,79,CMAES-APOP-Var1_Nguyen,2018/CMAES-APOP-Var1_Nguyen.tgz,201364.666667,15,15,False
5,80,DEuniform_fialho,2010/DEuniform_fialho_noiseless.tgz,208546.727273,11,15,False
5,81,oMads-Neg_Dahito,2022/oMads-Neg_Dahito.tgz,209833.928571,14,15,False
5,82,cma-bp-bbob_Brockhoff,2023/cma-bp-bbob_Brockhoff.tgz,212864,3,15,False
5,83,CMAES-APOP-Var2_Nguyen,2018/CMAES-APOP-Var2_Nguyen.tgz,215335.933333,15,15,False
5,84,BIPOP-CMA-ES_hansen,2009/BIPOP-CMA-ES_hansen_noiseless.tgz,231350,14,15,False
5,85,PSAaSmD-CMA-ES_Nishida,2016/PSAaSmD-CMA-ES_Nishida.tgz,241686.642857,14,15,False
5,86,m-SDWOA_Espinoza,2023/m-SDWOA_Espinoza.tgz,243513,3,15,False
5,87,NBC-CMA_preuss,2010/NBC-CMA_preuss_noiseless.tgz,254228.1,10,15,False
5,88,CMAES-APOP_Nguyen,2017/CMAES-APOP_Nguyen.tgz,278361.5,12,15,False
5,89,oMads-2N_Dahito,2022/oMads-2N_Dahito.tgz,279490.307692,13,15,False
5,90,CMAES-APOP-MA_Nguyen,2022/CMAES-APOP-MA_Nguyen.tgz,281604.8,15,15,False
5,91,P-DCN_tran,2013/P-DCN_tran_noiseless.tgz,286055.4,15,15,False
5,92,CMA-ES-Akimoto_Gharafi,2022/CMA-ES-Akimoto_Gharafi.tgz,293314.933333,15,15,False
5,93,BIPOPaCMA_loshchilov,2012/BIPOPaCMA_loshchilov_noiseless.tgz,313666.866667,15,15,False
5,94,iAMALGAM_bosman,2009/iAMALGAM_bosman_noiseless.tgz,314050.6,15,15,False
5,95,BIRMIN_Kudela,2023/BIRMIN_Kudela.tgz,339087.875,8,15,False
5,96,SSEABC_Aydin,2017/SSEABC_Aydin.tgz,346631,2,15,False
5,97,MCS_huyer,2009/MCS_huyer_noiseless.tgz,353280.5,2,15,False
5,98,GA_nicolau,2009/GA_nicolau_noiseless.tgz,357219.818182,11,15,False
5,99,pPOEMS_kubalic,2010/pPOEMS_kubalic_noiseless.tgz,377074.333333,15,15,False
5,100,DIRECT-REV_Kudela,2023/DIRECT-REV_Kudela.tgz,381195,7,15,False
5,101,ACOR_liao,2012/ACOR_liao_noiseless.tgz,394957.066667,15,15,False
5,102,dm-CMA-ES_Gissler,2023/dm-CMA-ES_Gissler.tgz,423646.3,10,15,False
5,103,IP-500_liao,2013/IP-500_liao_noiseless.tgz,429252.6,15,15,False
5,104,BIPOPsaACM_loshchilov,2012/BIPOPsaACM_loshchilov_noiseless.tgz,436984,15,15,False
5,105,NELDERDOERR_doerr,2009/NELDERDOERR_doerr_noiseless.tgz,440487.666667,3,15,False
5,106,PSO_el-abd,2009/PSO_el-abd_noiseless.tgz,457729.75,8,15,False
5,107,CMAES_posik,2012/CMAES_posik_noiseless.tgz,480249.166667,6,15,False
5,108,BFGS-scipy_Baudis,incomplete/2014/BFGS-scipy_Baudis.tgz,508785.5,10,15,False
5,109,DD-CMA-ES-pycma_Gharafi,2022/DD-CMA-ES-pycma_Gharafi.tgz,510246.785714,14,15,False
5,110,s-CMA-ES_Gissler,2023/s-CMA-ES_Gissler.tgz,524199.222222,9,15,False
5,111,KL-BIPOP-CMA-ES_Yamaguchi,2017/KL-BIPOP-CMA-ES_Yamaguchi.tgz,538751.6,15,15,False
5,112,PSAaSmC-CMA-ES_Nishida,2016/PSAaSmC-CMA-ES_Nishida.tgz,554571.444444,9,15,False
5,113,CMA-ES-python_Baudis,incomplete/2014/CMA-ES-python_Baudis.tgz,568401.222222,9,15,False
5,114,cd-CMA-ES_Gissler,2023/cd-CMA-ES_Gissler.tgz,631146.75,8,15,False
5,115,xNES_schaul,2012/xNES_schaul_noiseless.tgz,679833.333333,9,15,False
5,116,1komma4mir_brockhoff,2010/1komma4mir_brockhoff_noiseless.tgz,725654,1,15,False
5,117,xNESas_schaul,2012/xNESas_schaul_noiseless.tgz,743986.692308,13,15,False
5,118,1komma2mir_brockhoff,2010/1komma2mir_brockhoff_noiseless.tgz,744460,1,15,False
5,119,L-BFGS-B-scipy_Baudis,incomplete/2014/L-BFGS-B-scipy_Baudis.tgz,748640.875,8,15,False
5,120,P-zero_tran,2013/P-zero_tran_noiseless.tgz,753441.533333,15,15,False
5,121,NBIPOPaCMA_loshchilov,2012/NBIPOPaCMA_loshchilov_noiseless.tgz,777265.4,15,15,False
5,122,default-CMA-ES_Gissler,2023/default-CMA-ES_Gissler.tgz,857059.428571,7,15,False
5,123,sd-CMA-ES_Gissler,2023/sd-CMA-ES_Gissler.tgz,870576.571429,7,15,False
5,124,AMALGAM_bosman,2009/AMALGAM_bosman_noiseless.tgz,871842.066667,15,15,False
5,125,CMAma_brockhoff,2012/CMAma_brockhoff_noiseless.tgz,913058.857143,7,15,False
5,126,CMA-CSA_Atamna,2015/CMA-CSA_Atamna.tgz,1022958.2,5,15,False
5,127,PM-AdapSS-DE_fialho,2010/PM-AdapSS-DE_fialho_noiseless.tgz,1027273.4,5,15,False
5,128,CMA-TPA_Atamna,2015/CMA-TPA_Atamna.tgz,1038145.4,5,15,False
5,129,U-DCN_tran,2013/U-DCN_tran_noiseless.tgz,1064364.69231,13,15,False
5,130,BBDE-best_Vodopija,2018/BBDE-best_Vodopija.tgz,1084764.66667,3,15,False
5,131,simplex_pal,2013/simplex_pal_noiseless.tgz,1132639,1,15,False
5,132,SOO_Derbel,2015/SOO_Derbel.tgz,1145942,5,15,False
5,133,CMA_brockhoff,2012/CMA_brockhoff_noiseless.tgz,1178013.16667,6,15,False
5,134,CMA-ES-2019_Hansen,2020/CMA-ES-2019_Hansen.tgz,1182047.66667,6,15,False
5,135,cdm-CMA-ES_Gissler,2023/cdm-CMA-ES_Gissler.tgz,1201539.5,6,15,False
5,136,lq-CMA-ES_Hansen,2020/lq-CMA-ES_Hansen.tgz,1252481.8,5,15,False
5,137,SNES_schaul,2012/SNES_schaul_noiseless.tgz,1286020.875,8,15,False
5,138,NIPOPaCMA_loshchilov,2012/NIPOPaCMA_loshchilov_noiseless.tgz,1310159.4,15,15,False
5,139,EDA-PSO_el-abd,2009/EDA-PSO_el-abd_noiseless.tgz,1448985.25,4,15,False
5,140,SLSQP+lq-CMA-ES_Hansen,2020/SLSQP+lq-CMA-ES_Hansen.tgz,1545493.8,5,15,False
5,141,CMAm_brockhoff,2012/CMAm_brockhoff_noiseless.tgz,1573604.4,5,15,False
5,142,sdm-CMA-ES_Gissler,2023/sdm-CMA-ES_Gissler.tgz,1611374.4,5,15,False
5,143,CMAmh_brockhoff,2012/CMAmh_brockhoff_noiseless.tgz,1646220.6,5,15,False
5,144,CMA-ES-pycma_Gharafi,2022/CMA-ES-pycma_Gharafi.tgz,1787988.5,10,15,False
5,145,uBBDE-best_Vodopija,2018/uBBDE-best_Vodopija.tgz,1837498,2,15,False
5,146,BBDE_Vodopija,2018/BBDE_Vodopija.tgz,1870489.5,2,15,False
5,147,scd-CMA-ES_Gissler,2023/scd-CMA-ES_Gissler.tgz,1997477.75,4,15,False
5,148,ad-CMA-ES_Gissler,2023/ad-CMA-ES_Gissler.tgz,2043787.25,4,15,False
5,149,CG-Fletcher-Reeves-scipy_Baudis,incomplete/2014/CG-Fletcher-Reeves-scipy_Baudis.tgz,2154489.33333,3,15,False
5,150,CMAa_brockhoff,2012/CMAa_brockhoff_noiseless.tgz,2185073.75,4,15,False
5,151,c-CMA-ES_Gissler,2023/c-CMA-ES_Gissler.tgz,2195544.25,4,15,False
5,152,IPOP-ACTCMA-ES_ros,2010/IPOP-ACTCMA-ES_ros_noiseless.tgz,2230135.5,4,15,False
5,153,adm-CMA-ES_Gissler,2023/adm-CMA-ES_Gissler.tgz,2234954.25,4,15,False
5,154,PSAaLmD-CMA-ES_Nishida,2016/PSAaLmD-CMA-ES_Nishida.tgz,2338660.33333,3,15,False
5,155,NELDER_hansen,2009/NELDER_hansen_noiseless.tgz,2396856.33333,3,15,False
5,156,d-CMA-ES_Gissler,2023/d-CMA-ES_Gissler.tgz,2741845.33333,3,15,False
5,157,IPOPsaACM_loshchilov,2012/IPOPsaACM_loshchilov_noiseless.tgz,2931424.41667,12,15,False
5,158,a-CMA-ES_Gissler,2023/a-CMA-ES_Gissler.tgz,3109926.66667,3,15,False
5,159,scdm-CMA-ES_Gissler,2023/scdm-CMA-ES_Gissler.tgz,3246164.33333,3,15,False
5,160,sc-CMA-ES_Gissler,2023/sc-CMA-ES_Gissler.tgz,3365810.33333,3,15,False
5,161,BBDE-N_Vodopija,2018/BBDE-N_Vodopija.tgz,3725150,1,15,False
5,162,uBBDE_Vodopija,2018/uBBDE_Vodopija.tgz,3726826,1,15,False
5,163,IP_liao,2013/IP_liao_noiseless.tgz,4408114.25,8,15,False
5,164,IPOP-CMA-ES_ros,2010/IPOP-CMA-ES_ros_noiseless.tgz,5125975,2,15,False
5,165,CMAmah_brockhoff,2012/CMAmah_brockhoff_noiseless.tgz,5151066.5,2,15,False
5,166,ONEFIFTH_auger,2009/ONEFIFTH_auger_noiseless.tgz,6319105.625,8,15,False
5,167,PSAaLmC-CMA-ES_Nishida,2016/PSAaLmC-CMA-ES_Nishida.tgz,7481910,1,15,False
5,168,KL-IPOP-CMA-ES_Yamaguchi,2017/KL-IPOP-CMA-ES_Yamaguchi.tgz,10026014.6,5,15,False
5,169,HE-ES_Glasmachers,2020/HE-ES_Glasmachers.tgz,70036398,1,15,False
5,170,1komma2_brockhoff,2010/1komma2_brockhoff_noiseless.tgz,inf,0,15,False
5,171,1komma2mirser_brockhoff,2010/1komma2mirser_brockhoff_noiseless.tgz,inf,0,15,False
5,172,1komma2ser_brockhoff,2010/1komma2ser_brockhoff_noiseless.tgz,inf,0,15,False
5,173,1komma4_brockhoff,2010/1komma4_brockhoff_noiseless.tgz,inf,0,15,False
5,174,1komma4mirser_brockhoff,2010/1komma4mirser_brockhoff_noiseless.tgz,inf,0,15,False
5,175,1komma4ser_brockhoff,2010/1komma4ser_brockhoff_noiseless.tgz,inf,0,15,False
5,176,1plus1_brockhoff,2010/1plus1_brockhoff_noiseless.tgz,inf,0,15,False
5,177,1plus2mirser_brockhoff,2010/1plus2mirser_brockhoff_noiseless.tgz,inf,0,15,False
5,178,AVGNEWUOA_ros,2010/AVGNEWUOA_ros_noiseless.tgz,inf,0,15,False
5,179,BAYEDA_gallagher,2009/BAYEDA_gallagher_noiseless.tgz,inf,0,15,False
5,180,BFGS-M-17_Blelly,2018/BFGS-M-17_Blelly.tgz,inf,0,15,False
5,181,BFGS-P-09_Blelly,2018/BFGS-P-09_Blelly.tgz,inf,0,15,False
5,182,BFGS-P-Instances_Blelly,2018/BFGS-P-Instances_Blelly.tgz,inf,0,15,False
5,183,BFGS-P-StPt_Blelly,2018/BFGS-P-StPt_Blelly.tgz,inf,0,15,False
5,184,BFGS-P-range_Blelly,2018/BFGS-P-range_Blelly.tgz,inf,0,15,False
5,185,BFGS-scipy-2019_Varelas,2019/BFGS-scipy-2019_Varelas.tgz,inf,0,15,False
5,186,BFGS_ros,2009/BFGS_ros_noiseless.tgz,inf,0,15,False
5,187,CG-scipy-2019_Varelas,2019/CG-scipy-2019_Varelas.tgz,inf,0,15,False
5,188,CGA-grid100_holtschulte,2013/CGA-grid100_holtschulte_noiseless.tgz,inf,0,15,False
5,189,CGA-grid16_holtschulte,2013/CGA-grid16_holtschulte_noiseless.tgz,inf,0,15,False
5,190,CGA-ring100_holtschulte,2013/CGA-ring100_holtschulte_noiseless.tgz,inf,0,15,False
5,191,CGA-ring16_holtschulte,2013/CGA-ring16_holtschulte_noiseless.tgz,inf,0,15,False
5,192,CMA-ESPLUSSEL_auger,2009/CMA-ESPLUSSEL_auger_noiseless.tgz,inf,0,15,False
5,193,CMAEGS_finck,2010/CMAEGS_finck_noiseless.tgz,inf,0,15,False
5,194,CMAES_Hutter_hutter,2013/CMAES_Hutter_hutter_noiseless.tgz,inf,0,15,False
5,195,COBYLA-scipy-2019_Varelas,2019/COBYLA-scipy-2019_Varelas.tgz,inf,0,15,False
5,196,Cauchy-EDA_posik,2009/Cauchy-EDA_posik_noiseless.tgz,inf,0,15,False
5,197,DE-PSO_garcia-nieto,2009/DE-PSO_garcia-nieto_noiseless.tgz,inf,0,15,False
5,198,DIRECT_posik,2009/DIRECT_posik_noiseless.tgz,inf,0,5,False
5,199,DTS-CMA-ES_Pitra,2017/DTS-CMA-ES_Pitra.tgz,inf,0,15,False
5,200,E-WOA_Espinoza,2023/E-WOA_Espinoza.tgz,inf,0,15,False
5,201,EXPLO2_Huntsman,2022/EXPLO2_Huntsman.tgz,inf,0,15,False
5,202,FULLNEWUOA_ros,2009/FULLNEWUOA_ros_noiseless.tgz,inf,0,15,False
5,203,G3PCX_posik,2009/G3PCX_posik_noiseless.tgz,inf,0,15,False
5,204,GA-100_holtschulte,2013/GA-100_holtschulte_noiseless.tgz,inf,0,15,False
5,205,GLOBAL_pal,2009/GLOBAL_pal_noiseless.tgz,inf,0,15,False
5,206,GP1-CMAES_Bajer,2015/GP1-CMAES_Bajer.tgz,inf,0,15,False
5,207,GP1-CMAES_Bajer_2013instances,2015/GP1-CMAES_Bajer_2013instances.tgz,inf,0,15,False
5,208,GP5-CMAES_Bajer,2015/GP5-CMAES_Bajer.tgz,inf,0,15,False
5,209,GP5-CMAES_Bajer_2013instances,2015/GP5-CMAES_Bajer_2013instances.tgz,inf,0,15,False
5,210,HILL_holtschulte,2013/HILL_holtschulte_noiseless.tgz,inf,0,15,False
5,211,IPOP400D_auger,2013/IPOP400D_auger_noiseless.tgz,inf,0,15,False
5,212,IPOPCMAv3p61_Bajer,2015/IPOPCMAv3p61_Bajer.tgz,inf,0,15,False
5,213,IPOPCMAv3p61_Bajer_2013instances,2015/IPOPCMAv3p61_Bajer_2013instances.tgz,inf,0,15,False
5,214,L-BFGS-B-scipy-2019_Varelas,2019/L-BFGS-B-scipy-2019_Varelas.tgz,inf,0,15,False
5,215,LHD-10xDefault-MATSuMoTo_Brockhoff,2015/LHD-10xDefault-MATSuMoTo_Brockhoff.tgz,inf,0,15,False
5,216,LHD-2xDefault-MATSuMoTo_Brockhoff,2015/LHD-2xDefault-MATSuMoTo_Brockhoff.tgz,inf,0,15,False
5,217,LSfminbnd_posik,2009/LSfminbnd_posik_noiseless.tgz,inf,0,15,False
5,218,MATSUMOTO_Brockhoff,2015/MATSUMOTO_Brockhoff.tgz,inf,0,15,False
5,219,MLSL_pal,2013/MLSL_pal_noiseless.tgz,inf,0,15,False
5,220,NEWUOA_ros,2009/NEWUOA_ros_noiseless.tgz,inf,0,15,False
5,221,Nelder-Mead-scipy-2019_Varelas,2019/Nelder-Mead-scipy-2019_Varelas.tgz,inf,0,15,False
5,222,Nelder-Mead-scipy_Baudis,incomplete/2014/Nelder-Mead-scipy_Baudis.tgz,inf,0,15,False
5,223,OQNLP_pal,2013/OQNLP_pal_noiseless.tgz,inf,0,15,False
5,224,Ord-H-DTS-CMA-ES_Pitra,2017/Ord-H-DTS-CMA-ES_Pitra.tgz,inf,0,15,False
5,225,Ord-N-DTS-CMA-ES_Pitra,2017/Ord-N-DTS-CMA-ES_Pitra.tgz,inf,0,15,False
5,226,Ord-Q-DTS-CMA-ES_Pitra,2017/Ord-Q-DTS-CMA-ES_Pitra.tgz,inf,0,15,False
5,227,R-DE-10e2_Tanabe,2015/R-DE-10e2_Tanabe.tgz,inf,0,15,False
5,228,R-SHADE-10e2_Tanabe,2015/R-SHADE-10e2_Tanabe.tgz,inf,0,15,False
5,229,RAND-2xDefault-MATSuMoTo_Brockhoff,2015/RAND-2xDefault-MATSuMoTo_Brockhoff.tgz,inf,0,15,False
5,230,RANDOMSEARCH-4-1e7D_Brockhoff,2017/RANDOMSEARCH-4-1e7D_Brockhoff.tgz,inf,0,15,False
5,231,RANDOMSEARCH-4p5-1e7D_Brockhoff,2017/RANDOMSEARCH-4p5-1e7D_Brockhoff.tgz,inf,0,15,False
5,232,RANDOMSEARCH-5-1e7D_Brockhoff,2017/RANDOMSEARCH-5-1e7D_Brockhoff.tgz,inf,0,15,False
5,233,RANDOMSEARCH_auger,2009/RANDOMSEARCH_auger_noiseless.tgz,inf,0,15,False
5,234,RF1-CMAES_Bajer,2015/RF1-CMAES_Bajer.tgz,inf,0,15,False
5,235,RF1-CMAES_Bajer_2013instances,2015/RF1-CMAES_Bajer_2013instances.tgz,inf,0,15,False
5,236,RF5-CMAES_Bajer,2015/RF5-CMAES_Bajer.tgz,inf,0,15,False
5,237,RF5-CMAES_Bajer_2013instances,2015/RF5-CMAES_Bajer_2013instances.tgz,inf,0,15,False
5,238,RL-SHADE-10e2_Tanabe,2015/RL-SHADE-10e2_Tanabe.tgz,inf,0,15,False
5,239,RS-0p5-initIn0_Brockhoff,2019/RS-0p5-initIn0_Brockhoff.tgz,inf,0,15,False
5,240,RS-0p5_Brockhoff,2019/RS-0p5_Brockhoff.tgz,inf,0,15,False
5,241,RS-1-initIn0_Brockhoff,2019/RS-1-initIn0_Brockhoff.tgz,inf,0,15,False
5,242,RS-10-initIn0_Brockhoff,2019/RS-10-initIn0_Brockhoff.tgz,inf,0,15,False
5,243,RS-10_Brockhoff,2019/RS-10_Brockhoff.tgz,inf,0,15,False
5,244,RS-1_Brockhoff,2019/RS-1_Brockhoff.tgz,inf,0,15,False
5,245,RS-2-initIn0_Brockhoff,2019/RS-2-initIn0_Brockhoff.tgz,inf,0,15,False
5,246,RS-20-initIn0_Brockhoff,2019/RS-20-initIn0_Brockhoff.tgz,inf,0,15,False
5,247,RS-20_Brockhoff,2019/RS-20_Brockhoff.tgz,inf,0,15,False
5,248,RS-2_Brockhoff,2019/RS-2_Brockhoff.tgz,inf,0,15,False
5,249,RS-3-initIn0_Brockhoff,2019/RS-3-initIn0_Brockhoff.tgz,inf,0,15,False
5,250,RS-3_Brockhoff,2019/RS-3_Brockhoff.tgz,inf,0,15,False
5,251,RS-4-initIn0_Brockhoff,2019/RS-4-initIn0_Brockhoff.tgz,inf,0,15,False
5,252,RS-5-initIn0_Brockhoff,2019/RS-5-initIn0_Brockhoff.tgz,inf,0,15,False
5,253,RS-6-initIn0_Brockhoff,2019/RS-6-initIn0_Brockhoff.tgz,inf,0,15,False
5,254,RS-6_Brockhoff,2019/RS-6_Brockhoff.tgz,inf,0,15,False
5,255,Rosenbrock_posik,2009/Rosenbrock_posik_noiseless.tgz,inf,0,15,False
5,256,SLSQP-11-scipy_Hansen,2020/SLSQP-11-scipy_Hansen.tgz,inf,0,15,False
5,257,SLSQP-scipy-2019_Varelas,2019/SLSQP-scipy-2019_Varelas.tgz,inf,0,15,False
5,258,SLSQP-scipy_Baudis,incomplete/2014/SLSQP-scipy_Baudis.tgz,inf,0,15,False
5,259,SMAC-BBOB_hutter,2013/SMAC-BBOB_hutter_noiseless.tgz,inf,0,15,False
5,260,SPSA_finck,2010/SPSA_finck_noiseless.tgz,inf,0,15,False
5,261,TNC-scipy-2019_Varelas,2019/TNC-scipy-2019_Varelas.tgz,inf,0,15,False
5,262,U-zero_tran,2013/U-zero_tran_noiseless.tgz,inf,0,15,False
5,263,WOA_Espinoza,2023/WOA_Espinoza.tgz,inf,0,15,False
5,264,adapt-Nelder-Mead-scipy-2019_Varelas,2019/adapt-Nelder-Mead-scipy-2019_Varelas.tgz,inf,0,15,False
5,265,fmincon_pal,2013/fmincon_pal_noiseless.tgz,inf,0,15,False
5,266,fminunc_pal,2013/fminunc_pal_noiseless.tgz,inf,0,15,False
5,267,lmm-CMA-ES_auger,2013/lmm-CMA-ES_auger_noiseless.tgz,inf,0,15,False
5,268,uBBDE-N_Vodopija,2018/uBBDE-N_Vodopija.tgz,inf,0,15,False
10,1,bbob-f03-model-fit-adaptive-full,exdata/bbob-f03-model-fit-adaptive-full,41,15,15,True
10,2,BrentSTEPqi_Posik,2015/BrentSTEPqi_Posik.tgz,668.2,15,15,False
10,3,BrentSTEPif_Posik,2015/BrentSTEPif_Posik.tgz,707.8,15,15,False
10,4,BrentSTEPifeg_Posik,2015/BrentSTEPifeg_Posik.tgz,712.2,15,15,False
10,5,BrentSTEPrr_Posik,2015/BrentSTEPrr_Posik.tgz,716.866666667,15,15,False
10,6,STEPifeg_Posik,2015/STEPifeg_Posik.tgz,788.2,15,15,False
10,7,STEPif_Posik,2015/STEPif_Posik.tgz,795.666666667,15,15,False
10,8,STEPrr_Posik,2015/STEPrr_Posik.tgz,808.666666667,15,15,False
10,9,BIPOP-aCMA-STEP_loshchilov,2013/BIPOP-aCMA-STEP_loshchilov_noiseless.tgz,1546.86666667,15,15,False
10,10,HCMA_loshchilov,2013/HCMA_loshchilov_noiseless.tgz,1546.86666667,15,15,False
10,11,LSstep_posik,2009/LSstep_posik_noiseless.tgz,3654.93333333,15,15,False
10,12,SHADE-LM-POP4-to-10_Okulewicz,2021/SHADE-LM-POP4-to-10_Okulewicz.tgz,15455.2666667,15,15,False
10,13,ABC_elabd,2010/ABC_elabd_noiseless.tgz,17330.4,15,15,False
10,14,MOS_torre,2010/MOS_torre_noiseless.tgz,21282.4,15,15,False
10,15,JADE_posik,2012/JADE_posik_noiseless.tgz,22238.7333333,15,15,False
10,16,JADEctpb_posik,2012/JADEctpb_posik_noiseless.tgz,22238.7333333,15,15,False
10,17,R-SHADE-10e5_Tanabe,2015/R-SHADE-10e5_Tanabe.tgz,24980.2,15,15,False
10,18,MVDE_melo,2012/MVDE_melo_noiseless.tgz,37932.7333333,15,15,False
10,19,SHADE-LM_Okulewicz,2021/SHADE-LM_Okulewicz.tgz,42803.4666667,15,15,False
10,20,DEctpb_posik,2012/DEctpb_posik_noiseless.tgz,43644.7333333,15,15,False
10,21,DE-ROLL_voglis,2012/DE-ROLL_voglis_noiseless.tgz,60968.0666667,15,15,False
10,22,RL-SHADE-10e5_Tanabe,2015/RL-SHADE-10e5_Tanabe.tgz,61822.0666667,15,15,False
10,23,DE_posik,2012/DE_posik_noiseless.tgz,62836.4,15,15,False
10,24,DEb_posik,2012/DEb_posik_noiseless.tgz,62836.4,15,15,False
10,25,DASA_korosec,2009/DASA_korosec_noiseless.tgz,73023.3333333,15,15,False
10,26,JADEb_posik,2012/JADEb_posik_noiseless.tgz,75425.2666667,15,15,False
10,27,DE-BFGS_voglis,2012/DE-BFGS_voglis_noiseless.tgz,86824.6666667,15,15,False
10,28,DE_Pal_pal,2013/DE_Pal_pal_noiseless.tgz,109681.909091,11,15,False
10,29,MEMPSODE_voglis,2013/MEMPSODE_voglis_noiseless.tgz,120901.266667,15,15,False
10,30,R-DE-10e5_Tanabe,2015/R-DE-10e5_Tanabe.tgz,127500.733333,15,15,False
10,31,HMLSL_pal,2013/HMLSL_pal_noiseless.tgz,142457.1,10,15,False
10,32,CMA-MSR_Atamna,2015/CMA-MSR_Atamna.tgz,155514,15,15,False
10,33,DE-AUTO_voglis,2012/DE-AUTO_voglis_noiseless.tgz,163982,15,15,False
10,34,uDE-best_Vodopija,2018/uDE-best_Vodopija.tgz,183881.5,14,15,False
10,35,EvoSpace-PSO-GA_Garcia-Valdez,2017/EvoSpace-PSO-GA_Garcia-Valdez.tgz,193241.6,15,15,False
10,36,Adaptive-Two-Mode_Bodner,2019/Adaptive-Two-Mode_Bodner.tgz,204721.533333,15,15,False
10,37,DE-ttb_Vodopija,2018/DE-ttb_Vodopija.tgz,213801.533333,15,15,False
10,38,uDE-ttb_Vodopija,2018/uDE-ttb_Vodopija.tgz,213847.466667,15,15,False
10,39,DBRCGA_chuang,2012/DBRCGA_chuang_noiseless.tgz,217595.066667,15,15,False
10,40,DE-best_Vodopija,2018/DE-best_Vodopija.tgz,232537.266667,15,15,False
10,41,oPOEMS_kubalic,2010/oPOEMS_kubalic_noiseless.tgz,266892.8,15,15,False
10,42,MA-LS-CHAIN_molina,2009/MA-LS-CHAIN_molina_noiseless.tgz,290027.928571,14,15,False
10,43,DE-SIMPLEX_voglis,2012/DE-SIMPLEX_voglis_noiseless.tgz,307583.466667,15,15,False
10,44,POEMS_kubalik,2009/POEMS_kubalik_noiseless.tgz,316375.8,15,15,False
10,45,ALPS_hornby,2009/ALPS_hornby_noiseless.tgz,345184.8,15,15,False
10,46,PSO_Bounds_el-abd,2009/PSO_Bounds_el-abd_noiseless.tgz,375586.2,15,15,False
10,47,PRCGA_sawyerr,2013/PRCGA_sawyerr_noiseless.tgz,401233.416667,12,15,False
10,48,DE-rand_Vodopija,2018/DE-rand_Vodopija.tgz,729576.3,10,15,False
10,49,pPOEMS_kubalic,2010/pPOEMS_kubalic_noiseless.tgz,899817.571429,14,15,False
10,50,uDE-rand_Vodopija,2018/uDE-rand_Vodopija.tgz,1035201.71429,7,15,False
10,51,RCGA_tran,2010/RCGA_tran_noiseless.tgz,1241467.6,5,15,False
10,52,CMAES-APOP_Nguyen,2017/CMAES-APOP_Nguyen.tgz,1322118.625,8,15,False
10,53,VNS_garcia-martinez,2009/VNS_garcia-martinez_noiseless.tgz,1344011.66667,15,15,False
10,54,P-DCN_tran,2013/P-DCN_tran_noiseless.tgz,1477409.8,15,15,False
10,55,cma-bp-bbob_Brockhoff,2023/cma-bp-bbob_Brockhoff.tgz,1497006,1,15,False
10,56,GNN-CMA-ES_Faury,incomplete/2019/GNN-CMA-ES_Faury.tgz,1498078,1,15,False
10,57,DE-scipy-2019_Varelas,2019/DE-scipy-2019_Varelas.tgz,1938287.5,6,15,False
10,58,IP-500_liao,2013/IP-500_liao_noiseless.tgz,2059139.2,15,15,False
10,59,KL-Restart-CMA-ES_Yamaguchi,2017/KL-Restart-CMA-ES_Yamaguchi.tgz,2308214.53333,15,15,False
10,60,CMAES-APOP-Var1_Nguyen,2018/CMAES-APOP-Var1_Nguyen.tgz,2351118.66667,9,15,False
10,61,CMAES-APOP-Var2_Nguyen,2018/CMAES-APOP-Var2_Nguyen.tgz,2354727.75,8,15,False
10,62,CMAES-APOP-KP_Nguyen,2022/CMAES-APOP-KP_Nguyen.tgz,3089185.71429,7,15,False
10,63,CMAES-APOP-MA_Nguyen,2022/CMAES-APOP-MA_Nguyen.tgz,3122153.28571,7,15,False
10,64,CMAES-APOP-Var3_Nguyen,2018/CMAES-APOP-Var3_Nguyen.tgz,3301481.57143,7,15,False
10,65,CMAES-APOP-KMA_Nguyen,2022/CMAES-APOP-KMA_Nguyen.tgz,3364084.57143,7,15,False
10,66,U-DCN_tran,2013/U-DCN_tran_noiseless.tgz,3418139.57143,14,15,False
10,67,tany_liao,2013/tany_liao_noiseless.tgz,3770862,14,15,False
10,68,IP-10DDr_liao,2013/IP-10DDr_liao_noiseless.tgz,3794259.07692,13,15,False
10,69,DD-CMA-ES-pycma_Gharafi,2022/DD-CMA-ES-pycma_Gharafi.tgz,4788474.3,10,15,False
10,70,P-zero_tran,2013/P-zero_tran_noiseless.tgz,5022995.26667,15,15,False
10,71,scdm-CMA-ES_Gissler,2023/scdm-CMA-ES_Gissler.tgz,5039793.33333,3,15,False
10,72,sd-CMA-ES_Gissler,2023/sd-CMA-ES_Gissler.tgz,5082927.33333,3,15,False
10,73,texp_liao,2013/texp_liao_noiseless.tgz,5208517.21429,14,15,False
10,74,PSA-CMA-ESwRS_Nishida,2018/PSA-CMA-ESwRS_Nishida.tgz,5237121.25,12,15,False
10,75,CMA-ES-2019_Hansen,2020/CMA-ES-2019_Hansen.tgz,5663684.33333,3,15,False
10,76,BIPOPsaACM_loshchilov,2012/BIPOPsaACM_loshchilov_noiseless.tgz,6071585.25,12,15,False
10,77,PSA-CMA-ES_Nishida,2018/PSA-CMA-ES_Nishida.tgz,6499642.61538,13,15,False
10,78,DD-CMA-ES-Akimoto_Gharafi,2022/DD-CMA-ES-Akimoto_Gharafi.tgz,6524553,8,15,False
10,79,PSO_el-abd,2009/PSO_el-abd_noiseless.tgz,6542104.5,2,15,False
10,80,iAMALGAM_bosman,2009/iAMALGAM_bosman_noiseless.tgz,8506680.90909,11,15,False
10,81,KL-BIPOP-CMA-ES_Yamaguchi,2017/KL-BIPOP-CMA-ES_Yamaguchi.tgz,8560513.54545,11,15,False
10,82,sc-CMA-ES_Gissler,2023/sc-CMA-ES_Gissler.tgz,9311336.5,2,15,False
10,83,CMAma_brockhoff,2012/CMAma_brockhoff_noiseless.tgz,9533034,2,15,False
10,84,CMA-ES-Akimoto_Gharafi,2022/CMA-ES-Akimoto_Gharafi.tgz,9603792.83333,6,15,False
10,85,IPOP-ACTCMA-ES_ros,2010/IPOP-ACTCMA-ES_ros_noiseless.tgz,9680383,2,15,False
10,86,CMA_brockhoff,2012/CMA_brockhoff_noiseless.tgz,9753616,2,15,False
10,87,cdm-CMA-ES_Gissler,2023/cdm-CMA-ES_Gissler.tgz,13033774,1,15,False
10,88,BIPOP-saACM-k_loshchilov,2013/BIPOP-saACM-k_loshchilov_noiseless.tgz,13332628,8,15,False
10,89,CMA-TPA_Atamna,2015/CMA-TPA_Atamna.tgz,14101188,1,15,False
10,90,DE-F-AUC_fialho,2010/DE-F-AUC_fialho_noiseless.tgz,14319232,1,15,False
10,91,BIPOPaCMA_loshchilov,2012/BIPOPaCMA_loshchilov_noiseless.tgz,14988930.2857,7,15,False
10,92,dm-CMA-ES_Gissler,2023/dm-CMA-ES_Gissler.tgz,16816244,1,15,False
10,93,default-CMA-ES_Gissler,2023/default-CMA-ES_Gissler.tgz,19494272,1,15,False
10,94,s-CMA-ES_Gissler,2023/s-CMA-ES_Gissler.tgz,19780596,1,15,False
10,95,c-CMA-ES_Gissler,2023/c-CMA-ES_Gissler.tgz,19806702,1,15,False
10,96,CMAmh_brockhoff,2012/CMAmh_brockhoff_noiseless.tgz,19896031,1,15,False
10,97,CMAmah_brockhoff,2012/CMAmah_brockhoff_noiseless.tgz,20174551,1,15,False
10,98,a-CMA-ES_Gissler,2023/a-CMA-ES_Gissler.tgz,20582473,1,15,False
10,99,CMAm_brockhoff,2012/CMAm_brockhoff_noiseless.tgz,20659938,1,15,False
10,100,IPOP-CMA-ES_ros,2010/IPOP-CMA-ES_ros_noiseless.tgz,20921388,1,15,False
10,101,BIPOP-CMA-ES_hansen,2009/BIPOP-CMA-ES_hansen_noiseless.tgz,21392925.5,2,15,False
10,102,adm-CMA-ES_Gissler,2023/adm-CMA-ES_Gissler.tgz,21416449,1,15,False
10,103,CMA-ES-pycma_Gharafi,2022/CMA-ES-pycma_Gharafi.tgz,22600398.3333,3,15,False
10,104,NIPOPaCMA_loshchilov,2012/NIPOPaCMA_loshchilov_noiseless.tgz,22712981.4,5,15,False
10,105,NBIPOPaCMA_loshchilov,2012/NBIPOPaCMA_loshchilov_noiseless.tgz,28127845.25,4,15,False
10,106,IPOPsaACM_loshchilov,2012/IPOPsaACM_loshchilov_noiseless.tgz,28491595.75,4,14,False
10,107,ACOR_liao,2012/ACOR_liao_noiseless.tgz,35392212.75,4,15,False
10,108,xNESas_schaul,2012/xNESas_schaul_noiseless.tgz,61180026,1,15,False
10,109,IP_liao,2013/IP_liao_noiseless.tgz,140098187,1,15,False
10,110,KL-IPOP-CMA-ES_Yamaguchi,2017/KL-IPOP-CMA-ES_Yamaguchi.tgz,140101109,1,15,False
10,111,AMALGAM_bosman,2009/AMALGAM_bosman_noiseless.tgz,140108942,1,15,False
10,112,1komma2_brockhoff,2010/1komma2_brockhoff_noiseless.tgz,inf,0,15,False
10,113,1komma2mir_brockhoff,2010/1komma2mir_brockhoff_noiseless.tgz,inf,0,15,False
10,114,1komma2mirser_brockhoff,2010/1komma2mirser_brockhoff_noiseless.tgz,inf,0,15,False
10,115,1komma2ser_brockhoff,2010/1komma2ser_brockhoff_noiseless.tgz,inf,0,15,False
10,116,1komma4_brockhoff,2010/1komma4_brockhoff_noiseless.tgz,inf,0,15,False
10,117,1komma4mir_brockhoff,2010/1komma4mir_brockhoff_noiseless.tgz,inf,0,15,False
10,118,1komma4mirser_brockhoff,2010/1komma4mirser_brockhoff_noiseless.tgz,inf,0,15,False
10,119,1komma4ser_brockhoff,2010/1komma4ser_brockhoff_noiseless.tgz,inf,0,15,False
10,120,1plus1_brockhoff,2010/1plus1_brockhoff_noiseless.tgz,inf,0,15,False
10,121,1plus2mirser_brockhoff,2010/1plus2mirser_brockhoff_noiseless.tgz,inf,0,15,False
10,122,AVGNEWUOA_ros,2010/AVGNEWUOA_ros_noiseless.tgz,inf,0,15,False
10,123,BAYEDA_gallagher,2009/BAYEDA_gallagher_noiseless.tgz,inf,0,15,False
10,124,BBDE-N_Vodopija,2018/BBDE-N_Vodopija.tgz,inf,0,15,False
10,125,BBDE-best_Vodopija,2018/BBDE-best_Vodopija.tgz,inf,0,15,False
10,126,BBDE-ttb_Vodopija,2018/BBDE-ttb_Vodopija.tgz,inf,0,15,False
10,127,BBDE_Vodopija,2018/BBDE_Vodopija.tgz,inf,0,15,False
10,128,BFGS-M-17_Blelly,2018/BFGS-M-17_Blelly.tgz,inf,0,15,False
10,129,BFGS-P-09_Blelly,2018/BFGS-P-09_Blelly.tgz,inf,0,15,False
10,130,BFGS-P-Instances_Blelly,2018/BFGS-P-Instances_Blelly.tgz,inf,0,15,False
10,131,BFGS-P-StPt_Blelly,2018/BFGS-P-StPt_Blelly.tgz,inf,0,15,False
10,132,BFGS-P-range_Blelly,2018/BFGS-P-range_Blelly.tgz,inf,0,15,False
10,133,BFGS-scipy-2019_Varelas,2019/BFGS-scipy-2019_Varelas.tgz,inf,0,15,False
10,134,BFGS_ros,2009/BFGS_ros_noiseless.tgz,inf,0,15,False
10,135,BIRMIN_Kudela,2023/BIRMIN_Kudela.tgz,inf,0,15,False
10,136,CG-scipy-2019_Varelas,2019/CG-scipy-2019_Varelas.tgz,inf,0,15,False
10,137,CGA-grid100_holtschulte,2013/CGA-grid100_holtschulte_noiseless.tgz,inf,0,15,False
10,138,CGA-grid16_holtschulte,2013/CGA-grid16_holtschulte_noiseless.tgz,inf,0,15,False
10,139,CGA-ring100_holtschulte,2013/CGA-ring100_holtschulte_noiseless.tgz,inf,0,15,False
10,140,CGA-ring16_holtschulte,2013/CGA-ring16_holtschulte_noiseless.tgz,inf,0,15,False
10,141,CMA-CSA_Atamna,2015/CMA-CSA_Atamna.tgz,inf,0,15,False
10,142,CMA-ESPLUSSEL_auger,2009/CMA-ESPLUSSEL_auger_noiseless.tgz,inf,0,15,False
10,143,CMAEGS_finck,2010/CMAEGS_finck_noiseless.tgz,inf,0,15,False
10,144,CMAES_Hutter_hutter,2013/CMAES_Hutter_hutter_noiseless.tgz,inf,0,15,False
10,145,CMAES_posik,2012/CMAES_posik_noiseless.tgz,inf,0,15,False
10,146,CMAa_brockhoff,2012/CMAa_brockhoff_noiseless.tgz,inf,0,15,False
10,147,COBYLA-scipy-2019_Varelas,2019/COBYLA-scipy-2019_Varelas.tgz,inf,0,15,False
10,148,Cauchy-EDA_posik,2009/Cauchy-EDA_posik_noiseless.tgz,inf,0,15,False
10,149,DE-PSO_garcia-nieto,2009/DE-PSO_garcia-nieto_noiseless.tgz,inf,0,15,False
10,150,DEAE_posik,2012/DEAE_posik_noiseless.tgz,inf,0,15,False
10,151,DEuniform_fialho,2010/DEuniform_fialho_noiseless.tgz,inf,0,15,False
10,152,DIRECT-REV_Kudela,2023/DIRECT-REV_Kudela.tgz,inf,0,15,False
10,153,DIRECT_posik,2009/DIRECT_posik_noiseless.tgz,inf,0,5,False
10,154,DTS-CMA-ES_005-2pop_v26_1model_Bajer,2018/DTS-CMA-ES_005-2pop_v26_1model_Bajer.tgz,inf,0,15,False
10,155,DTS-CMA-ES_Pitra,2017/DTS-CMA-ES_Pitra.tgz,inf,0,15,False
10,156,E-WOA_Espinoza,2023/E-WOA_Espinoza.tgz,inf,0,15,False
10,157,EDA-PSO_el-abd,2009/EDA-PSO_el-abd_noiseless.tgz,inf,0,15,False
10,158,EXPLO2_Huntsman,2022/EXPLO2_Huntsman.tgz,inf,0,15,False
10,159,FULLNEWUOA_ros,2009/FULLNEWUOA_ros_noiseless.tgz,inf,0,15,False
10,160,G3PCX_posik,2009/G3PCX_posik_noiseless.tgz,inf,0,15,False
10,161,GA-100_holtschulte,2013/GA-100_holtschulte_noiseless.tgz,inf,0,15,False
10,162,GA_nicolau,2009/GA_nicolau_noiseless.tgz,inf,0,15,False
10,163,GLOBAL_pal,2009/GLOBAL_pal_noiseless.tgz,inf,0,15,False
10,164,GP1-CMAES_Bajer,2015/GP1-CMAES_Bajer.tgz,inf,0,15,False
10,165,GP1-CMAES_Bajer_2013instances,2015/GP1-CMAES_Bajer_2013instances.tgz,inf,0,15,False
10,166,GP5-CMAES_Bajer,2015/GP5-CMAES_Bajer.tgz,inf,0,15,False
10,167,GP5-CMAES_Bajer_2013instances,2015/GP5-CMAES_Bajer_2013instances.tgz,inf,0,15,False
10,168,HE-ES_Glasmachers,2020/HE-ES_Glasmachers.tgz,inf,0,15,False
10,169,HILL_holtschulte,2013/HILL_holtschulte_noiseless.tgz,inf,0,15,False
10,170,I-DBDP-GL_Kudela,2023/I-DBDP-GL_Kudela.tgz,inf,0,15,False
10,171,IPOP-CMA-ES-2019_Faury,incomplete/2019/IPOP-CMA-ES-2019_Faury.tgz,inf,0,15,False
10,172,IPOP-SEP-CMA-ES_ros,2009/IPOP-SEP-CMA-ES_ros_noiseless.tgz,inf,0,15,False
10,173,IPOP400D_auger,2013/IPOP400D_auger_noiseless.tgz,inf,0,15,False
10,174,IPOPCMAv3p61_Bajer,2015/IPOPCMAv3p61_Bajer.tgz,inf,0,15,False
10,175,IPOPCMAv3p61_Bajer_2013instances,2015/IPOPCMAv3p61_Bajer_2013instances.tgz,inf,0,15,False
10,176,L-BFGS-B-scipy-2019_Varelas,2019/L-BFGS-B-scipy-2019_Varelas.tgz,inf,0,15,False
10,177,LHD-10xDefault-MATSuMoTo_Brockhoff,2015/LHD-10xDefault-MATSuMoTo_Brockhoff.tgz,inf,0,15,False
10,178,LHD-2xDefault-MATSuMoTo_Brockhoff,2015/LHD-2xDefault-MATSuMoTo_Brockhoff.tgz,inf,0,15,False
10,179,LSfminbnd_posik,2009/LSfminbnd_posik_noiseless.tgz,inf,0,15,False
10,180,MATSUMOTO_Brockhoff,2015/MATSUMOTO_Brockhoff.tgz,inf,0,15,False
10,181,MCS_huyer,2009/MCS_huyer_noiseless.tgz,inf,0,15,False
10,182,MLSL_pal,2013/MLSL_pal_noiseless.tgz,inf,0,15,False
10,183,NBC-CMA_preuss,2010/NBC-CMA_preuss_noiseless.tgz,inf,0,15,False
10,184,NELDERDOERR_doerr,2009/NELDERDOERR_doerr_noiseless.tgz,inf,0,15,False
10,185,NELDER_hansen,2009/NELDER_hansen_noiseless.tgz,inf,0,15,False
10,186,NEWUOA_ros,2009/NEWUOA_ros_noiseless.tgz,inf,0,15,False
10,187,Nelder-Mead-scipy-2019_Varelas,2019/Nelder-Mead-scipy-2019_Varelas.tgz,inf,0,15,False
10,188,ONEFIFTH_auger,2009/ONEFIFTH_auger_noiseless.tgz,inf,0,15,False
10,189,OQNLP_pal,2013/OQNLP_pal_noiseless.tgz,inf,0,15,False
10,190,Ord-H-DTS-CMA-ES_Pitra,2017/Ord-H-DTS-CMA-ES_Pitra.tgz,inf,0,15,False
10,191,Ord-N-DTS-CMA-ES_Pitra,2017/Ord-N-DTS-CMA-ES_Pitra.tgz,inf,0,6,False
10,192,Ord-Q-DTS-CMA-ES_Pitra,2017/Ord-Q-DTS-CMA-ES_Pitra.tgz,inf,0,15,False
10,193,PM-AdapSS-DE_fialho,2010/PM-AdapSS-DE_fialho_noiseless.tgz,inf,0,15,False
10,194,PSAaLmC-CMA-ES_Nishida,2016/PSAaLmC-CMA-ES_Nishida.tgz,inf,0,15,False
10,195,PSAaLmD-CMA-ES_Nishida,2016/PSAaLmD-CMA-ES_Nishida.tgz,inf,0,15,False
10,196,PSAaSmC-CMA-ES_Nishida,2016/PSAaSmC-CMA-ES_Nishida.tgz,inf,0,15,False
10,197,PSAaSmD-CMA-ES_Nishida,2016/PSAaSmD-CMA-ES_Nishida.tgz,inf,0,15,False
10,198,PSO-BFGS_voglis,2012/PSO-BFGS_voglis_noiseless.tgz,inf,0,15,False
10,199,Powell-scipy-2019_Varelas,2019/Powell-scipy-2019_Varelas.tgz,inf,0,15,False
10,200,R-DE-10e2_Tanabe,2015/R-DE-10e2_Tanabe.tgz,inf,0,15,False
10,201,R-SHADE-10e2_Tanabe,2015/R-SHADE-10e2_Tanabe.tgz,inf,0,15,False
10,202,RAND-2xDefault-MATSuMoTo_Brockhoff,2015/RAND-2xDefault-MATSuMoTo_Brockhoff.tgz,inf,0,15,False
10,203,RANDOMSEARCH-4-1e7D_Brockhoff,2017/RANDOMSEARCH-4-1e7D_Brockhoff.tgz,inf,0,15,False
10,204,RANDOMSEARCH-4p5-1e7D_Brockhoff,2017/RANDOMSEARCH-4p5-1e7D_Brockhoff.tgz,inf,0,15,False
10,205,RANDOMSEARCH-5-1e7D_Brockhoff,2017/RANDOMSEARCH-5-1e7D_Brockhoff.tgz,inf,0,15,False
10,206,RANDOMSEARCH_auger,2009/RANDOMSEARCH_auger_noiseless.tgz,inf,0,15,False
10,207,RF1-CMAES_Bajer,2015/RF1-CMAES_Bajer.tgz,inf,0,15,False
10,208,RF1-CMAES_Bajer_2013instances,2015/RF1-CMAES_Bajer_2013instances.tgz,inf,0,15,False
10,209,RF5-CMAES_Bajer,2015/RF5-CMAES_Bajer.tgz,inf,0,15,False
10,210,RF5-CMAES_Bajer_2013instances,2015/RF5-CMAES_Bajer_2013instances.tgz,inf,0,15,False
10,211,RL-SHADE-10e2_Tanabe,2015/RL-SHADE-10e2_Tanabe.tgz,inf,0,15,False
10,212,RS-0p5-initIn0_Brockhoff,2019/RS-0p5-initIn0_Brockhoff.tgz,inf,0,15,False
10,213,RS-0p5_Brockhoff,2019/RS-0p5_Brockhoff.tgz,inf,0,15,False
10,214,RS-1-initIn0_Brockhoff,2019/RS-1-initIn0_Brockhoff.tgz,inf,0,15,False
10,215,RS-10-initIn0_Brockhoff,2019/RS-10-initIn0_Brockhoff.tgz,inf,0,15,False
10,216,RS-10_Brockhoff,2019/RS-10_Brockhoff.tgz,inf,0,15,False
10,217,RS-1_Brockhoff,2019/RS-1_Brockhoff.tgz,inf,0,15,False
10,218,RS-2-initIn0_Brockhoff,2019/RS-2-initIn0_Brockhoff.tgz,inf,0,15,False
10,219,RS-20-initIn0_Brockhoff,2019/RS-20-initIn0_Brockhoff.tgz,inf,0,15,False
10,220,RS-20_Brockhoff,2019/RS-20_Brockhoff.tgz,inf,0,15,False
10,221,RS-2_Brockhoff,2019/RS-2_Brockhoff.tgz,inf,0,15,False
10,222,RS-3-initIn0_Brockhoff,2019/RS-3-initIn0_Brockhoff.tgz,inf,0,15,False
10,223,RS-3_Brockhoff,2019/RS-3_Brockhoff.tgz,inf,0,15,False
10,224,RS-4-initIn0_Brockhoff,2019/RS-4-initIn0_Brockhoff.tgz,inf,0,15,False
10,225,RS-5-initIn0_Brockhoff,2019/RS-5-initIn0_Brockhoff.tgz,inf,0,15,False
10,226,RS-6-initIn0_Brockhoff,2019/RS-6-initIn0_Brockhoff.tgz,inf,0,15,False
10,227,RS-6_Brockhoff,2019/RS-6_Brockhoff.tgz,inf,0,15,False
10,228,Rosenbrock_posik,2009/Rosenbrock_posik_noiseless.tgz,inf,0,15,False
10,229,SLSQP+lq-CMA-ES_Hansen,2020/SLSQP+lq-CMA-ES_Hansen.tgz,inf,0,15,False
10,230,SLSQP-11-scipy_Hansen,2020/SLSQP-11-scipy_Hansen.tgz,inf,0,15,False
10,231,SLSQP-scipy-2019_Varelas,2019/SLSQP-scipy-2019_Varelas.tgz,inf,0,15,False
10,232,SMAC-BBOB_hutter,2013/SMAC-BBOB_hutter_noiseless.tgz,inf,0,15,False
10,233,SNES_schaul,2012/SNES_schaul_noiseless.tgz,inf,0,15,False
10,234,SOO_Derbel,2015/SOO_Derbel.tgz,inf,0,15,False
10,235,SPSA_finck,2010/SPSA_finck_noiseless.tgz,inf,0,15,False
10,236,SSEABC_Aydin,2017/SSEABC_Aydin.tgz,inf,0,15,False
10,237,TNC-scipy-2019_Varelas,2019/TNC-scipy-2019_Varelas.tgz,inf,0,15,False
10,238,U-zero_tran,2013/U-zero_tran_noiseless.tgz,inf,0,15,False
10,239,WOA_Espinoza,2023/WOA_Espinoza.tgz,inf,0,15,False
10,240,ad-CMA-ES_Gissler,2023/ad-CMA-ES_Gissler.tgz,inf,0,15,False
10,241,adapt-Nelder-Mead-scipy-2019_Varelas,2019/adapt-Nelder-Mead-scipy-2019_Varelas.tgz,inf,0,15,False
10,242,cd-CMA-ES_Gissler,2023/cd-CMA-ES_Gissler.tgz,inf,0,15,False
10,243,cma-bt-bbob_Brockhoff,2023/cma-bt-bbob_Brockhoff.tgz,inf,0,15,False
10,244,d-CMA-ES_Gissler,2023/d-CMA-ES_Gissler.tgz,inf,0,15,False
10,245,fmincon_pal,2013/fmincon_pal_noiseless.tgz,inf,0,15,False
10,246,fminunc_pal,2013/fminunc_pal_noiseless.tgz,inf,0,15,False
10,247,lmm-CMA-ES_auger,2013/lmm-CMA-ES_auger_noiseless.tgz,inf,0,15,False
10,248,lq-CMA-ES_Hansen,2020/lq-CMA-ES_Hansen.tgz,inf,0,15,False
10,249,m-SDWOA_Espinoza,2023/m-SDWOA_Espinoza.tgz,inf,0,15,False
10,250,oMads-2N_Dahito,2022/oMads-2N_Dahito.tgz,inf,0,15,False
10,251,oMads-Neg_Dahito,2022/oMads-Neg_Dahito.tgz,inf,0,15,False
10,252,scd-CMA-ES_Gissler,2023/scd-CMA-ES_Gissler.tgz,inf,0,15,False
10,253,sdm-CMA-ES_Gissler,2023/sdm-CMA-ES_Gissler.tgz,inf,0,15,False
10,254,simplex_pal,2013/simplex_pal_noiseless.tgz,inf,0,15,False
10,255,uBBDE-N_Vodopija,2018/uBBDE-N_Vodopija.tgz,inf,0,15,False
10,256,uBBDE-best_Vodopija,2018/uBBDE-best_Vodopija.tgz,inf,0,15,False
10,257,uBBDE-ttb_Vodopija,2018/uBBDE-ttb_Vodopija.tgz,inf,0,15,False
10,258,uBBDE_Vodopija,2018/uBBDE_Vodopija.tgz,inf,0,15,False
10,259,xNES_schaul,2012/xNES_schaul_noiseless.tgz,inf,0,15,False
20,1,bbob-f03-model-fit-adaptive-full,exdata/bbob-f03-model-fit-adaptive-full,81,15,15,True
20,2,BrentSTEPqi_Posik,2015/BrentSTEPqi_Posik.tgz,1571.8,15,15,False
20,3,BrentSTEPrr_Posik,2015/BrentSTEPrr_Posik.tgz,1694,15,15,False
20,4,BrentSTEPifeg_Posik,2015/BrentSTEPifeg_Posik.tgz,1717.6,15,15,False
20,5,BrentSTEPif_Posik,2015/BrentSTEPif_Posik.tgz,1721.4,15,15,False
20,6,STEPifeg_Posik,2015/STEPifeg_Posik.tgz,2084.6,15,15,False
20,7,STEPif_Posik,2015/STEPif_Posik.tgz,2090.26666667,15,15,False
20,8,STEPrr_Posik,2015/STEPrr_Posik.tgz,2132.06666667,15,15,False
20,9,HCMA_loshchilov,2013/HCMA_loshchilov_noiseless.tgz,4186.6,15,15,False
20,10,BIPOP-aCMA-STEP_loshchilov,2013/BIPOP-aCMA-STEP_loshchilov_noiseless.tgz,4187.4,15,15,False
20,11,LSstep_posik,2009/LSstep_posik_noiseless.tgz,7652.8,15,15,False
20,12,ABC_elabd,2010/ABC_elabd_noiseless.tgz,40045.7333333,15,15,False
20,13,SHADE-LM-POP4-to-10_Okulewicz,2021/SHADE-LM-POP4-to-10_Okulewicz.tgz,64356.1333333,15,15,False
20,14,R-SHADE-10e5_Tanabe,2015/R-SHADE-10e5_Tanabe.tgz,67712.3333333,15,15,False
20,15,JADE_posik,2012/JADE_posik_noiseless.tgz,89613.1333333,15,15,False
20,16,JADEctpb_posik,2012/JADEctpb_posik_noiseless.tgz,89613.1333333,15,15,False
20,17,MOS_torre,2010/MOS_torre_noiseless.tgz,94720.9333333,15,15,False
20,18,JADEb_posik,2012/JADEb_posik_noiseless.tgz,161004.066667,15,15,False
20,19,SHADE-LM_Okulewicz,2021/SHADE-LM_Okulewicz.tgz,178371.8,15,15,False
20,20,RL-SHADE-10e5_Tanabe,2015/RL-SHADE-10e5_Tanabe.tgz,204232.333333,15,15,False
20,21,DASA_korosec,2009/DASA_korosec_noiseless.tgz,278167.2,15,15,False
20,22,MVDE_melo,2012/MVDE_melo_noiseless.tgz,298024.428571,14,15,False
20,23,DE-ROLL_voglis,2012/DE-ROLL_voglis_noiseless.tgz,624563.133333,15,15,False
20,24,CMA-MSR_Atamna,2015/CMA-MSR_Atamna.tgz,679406.933333,15,15,False
20,25,EvoSpace-PSO-GA_Garcia-Valdez,2017/EvoSpace-PSO-GA_Garcia-Valdez.tgz,750159.533333,15,15,False
20,26,DEctpb_posik,2012/DEctpb_posik_noiseless.tgz,753581.066667,15,15,False
20,27,MEMPSODE_voglis,2013/MEMPSODE_voglis_noiseless.tgz,884483.8,15,15,False
20,28,Adaptive-Two-Mode_Bodner,2019/Adaptive-Two-Mode_Bodner.tgz,1025051.33333,15,15,False
20,29,pPOEMS_kubalic,2010/pPOEMS_kubalic_noiseless.tgz,1049935.6,15,15,False
20,30,oPOEMS_kubalic,2010/oPOEMS_kubalic_noiseless.tgz,1176396.73333,15,15,False
20,31,MA-LS-CHAIN_molina,2009/MA-LS-CHAIN_molina_noiseless.tgz,1210171.28571,14,15,False
20,32,POEMS_kubalik,2009/POEMS_kubalik_noiseless.tgz,1227786.38462,13,15,False
20,33,DE_posik,2012/DE_posik_noiseless.tgz,1297500.55556,9,15,False
20,34,DEb_posik,2012/DEb_posik_noiseless.tgz,1297500.55556,9,15,False
20,35,DE-BFGS_voglis,2012/DE-BFGS_voglis_noiseless.tgz,1458940.76923,13,15,False
20,36,R-DE-10e5_Tanabe,2015/R-DE-10e5_Tanabe.tgz,1485237.63636,11,15,False
20,37,DE-AUTO_voglis,2012/DE-AUTO_voglis_noiseless.tgz,3065692.625,8,15,False
20,38,PRCGA_sawyerr,2013/PRCGA_sawyerr_noiseless.tgz,3131296.8,5,15,False
20,39,PSO_Bounds_el-abd,2009/PSO_Bounds_el-abd_noiseless.tgz,3346036.85714,7,15,False
20,40,P-DCN_tran,2013/P-DCN_tran_noiseless.tgz,5781142,15,15,False
20,41,DE-SIMPLEX_voglis,2012/DE-SIMPLEX_voglis_noiseless.tgz,7110494.5,4,15,False
20,42,P-zero_tran,2013/P-zero_tran_noiseless.tgz,8175293.33333,15,15,False
20,43,DBRCGA_chuang,2012/DBRCGA_chuang_noiseless.tgz,9051080.33333,3,15,False
20,44,CMAmah_brockhoff,2012/CMAmah_brockhoff_noiseless.tgz,37799904,1,15,False
20,45,VNS_garcia-martinez,2009/VNS_garcia-martinez_noiseless.tgz,44222449.5833,12,15,False
20,46,U-DCN_tran,2013/U-DCN_tran_noiseless.tgz,49825331.2,5,15,False
20,47,1komma2_brockhoff,2010/1komma2_brockhoff_noiseless.tgz,inf,0,15,False
20,48,1komma2mir_brockhoff,2010/1komma2mir_brockhoff_noiseless.tgz,inf,0,15,False
20,49,1komma2mirser_brockhoff,2010/1komma2mirser_brockhoff_noiseless.tgz,inf,0,15,False
20,50,1komma2ser_brockhoff,2010/1komma2ser_brockhoff_noiseless.tgz,inf,0,15,False
20,51,1komma4_brockhoff,2010/1komma4_brockhoff_noiseless.tgz,inf,0,15,False
20,52,1komma4mir_brockhoff,2010/1komma4mir_brockhoff_noiseless.tgz,inf,0,15,False
20,53,1komma4mirser_brockhoff,2010/1komma4mirser_brockhoff_noiseless.tgz,inf,0,15,False
20,54,1komma4ser_brockhoff,2010/1komma4ser_brockhoff_noiseless.tgz,inf,0,15,False
20,55,1plus1_brockhoff,2010/1plus1_brockhoff_noiseless.tgz,inf,0,15,False
20,56,1plus2mirser_brockhoff,2010/1plus2mirser_brockhoff_noiseless.tgz,inf,0,15,False
20,57,ACOR_liao,2012/ACOR_liao_noiseless.tgz,inf,0,15,False
20,58,ALPS_hornby,2009/ALPS_hornby_noiseless.tgz,inf,0,15,False
20,59,AMALGAM_bosman,2009/AMALGAM_bosman_noiseless.tgz,inf,0,15,False
20,60,AVGNEWUOA_ros,2010/AVGNEWUOA_ros_noiseless.tgz,inf,0,15,False
20,61,BAYEDA_gallagher,2009/BAYEDA_gallagher_noiseless.tgz,inf,0,15,False
20,62,BBDE-N_Vodopija,2018/BBDE-N_Vodopija.tgz,inf,0,15,False
20,63,BBDE-best_Vodopija,2018/BBDE-best_Vodopija.tgz,inf,0,15,False
20,64,BBDE-ttb_Vodopija,2018/BBDE-ttb_Vodopija.tgz,inf,0,15,False
20,65,BBDE_Vodopija,2018/BBDE_Vodopija.tgz,inf,0,15,False
20,66,BFGS-M-17_Blelly,2018/BFGS-M-17_Blelly.tgz,inf,0,15,False
20,67,BFGS-P-09_Blelly,2018/BFGS-P-09_Blelly.tgz,inf,0,15,False
20,68,BFGS-P-Instances_Blelly,2018/BFGS-P-Instances_Blelly.tgz,inf,0,15,False
20,69,BFGS-P-StPt_Blelly,2018/BFGS-P-StPt_Blelly.tgz,inf,0,15,False
20,70,BFGS-P-range_Blelly,2018/BFGS-P-range_Blelly.tgz,inf,0,15,False
20,71,BFGS-scipy-2019_Varelas,2019/BFGS-scipy-2019_Varelas.tgz,inf,0,15,False
20,72,BFGS-scipy_Baudis,incomplete/2014/BFGS-scipy_Baudis.tgz,inf,0,15,False
20,73,BFGS_ros,2009/BFGS_ros_noiseless.tgz,inf,0,15,False
20,74,BIPOP-CMA-ES_hansen,2009/BIPOP-CMA-ES_hansen_noiseless.tgz,inf,0,15,False
20,75,BIPOP-saACM-k_loshchilov,2013/BIPOP-saACM-k_loshchilov_noiseless.tgz,inf,0,15,False
20,76,BIPOPaCMA_loshchilov,2012/BIPOPaCMA_loshchilov_noiseless.tgz,inf,0,15,False
20,77,BIPOPsaACM_loshchilov,2012/BIPOPsaACM_loshchilov_noiseless.tgz,inf,0,5,False
20,78,BIRMIN_Kudela,2023/BIRMIN_Kudela.tgz,inf,0,15,False
20,79,CG-Fletcher-Reeves-scipy_Baudis,incomplete/2014/CG-Fletcher-Reeves-scipy_Baudis.tgz,inf,0,15,False
20,80,CG-scipy-2019_Varelas,2019/CG-scipy-2019_Varelas.tgz,inf,0,15,False
20,81,CGA-grid100_holtschulte,2013/CGA-grid100_holtschulte_noiseless.tgz,inf,0,15,False
20,82,CGA-grid16_holtschulte,2013/CGA-grid16_holtschulte_noiseless.tgz,inf,0,15,False
20,83,CGA-ring100_holtschulte,2013/CGA-ring100_holtschulte_noiseless.tgz,inf,0,15,False
20,84,CGA-ring16_holtschulte,2013/CGA-ring16_holtschulte_noiseless.tgz,inf,0,15,False
20,85,CMA-CSA_Atamna,2015/CMA-CSA_Atamna.tgz,inf,0,15,False
20,86,CMA-ES-2019_Hansen,2020/CMA-ES-2019_Hansen.tgz,inf,0,15,False
20,87,CMA-ES-Akimoto_Gharafi,2022/CMA-ES-Akimoto_Gharafi.tgz,inf,0,15,False
20,88,CMA-ES-pycma_Gharafi,2022/CMA-ES-pycma_Gharafi.tgz,inf,0,15,False
20,89,CMA-ES-python_Baudis,incomplete/2014/CMA-ES-python_Baudis.tgz,inf,0,15,False
20,90,CMA-ESPLUSSEL_auger,2009/CMA-ESPLUSSEL_auger_noiseless.tgz,inf,0,15,False
20,91,CMA-TPA_Atamna,2015/CMA-TPA_Atamna.tgz,inf,0,15,False
20,92,CMAEGS_finck,2010/CMAEGS_finck_noiseless.tgz,inf,0,15,False
20,93,CMAES-APOP-KMA_Nguyen,2022/CMAES-APOP-KMA_Nguyen.tgz,inf,0,15,False
20,94,CMAES-APOP-KP_Nguyen,2022/CMAES-APOP-KP_Nguyen.tgz,inf,0,15,False
20,95,CMAES-APOP-MA_Nguyen,2022/CMAES-APOP-MA_Nguyen.tgz,inf,0,15,False
20,96,CMAES-APOP-Var1_Nguyen,2018/CMAES-APOP-Var1_Nguyen.tgz,inf,0,15,False
20,97,CMAES-APOP-Var2_Nguyen,2018/CMAES-APOP-Var2_Nguyen.tgz,inf,0,15,False
20,98,CMAES-APOP-Var3_Nguyen,2018/CMAES-APOP-Var3_Nguyen.tgz,inf,0,15,False
20,99,CMAES-APOP_Nguyen,2017/CMAES-APOP_Nguyen.tgz,inf,0,15,False
20,100,CMAES_Hutter_hutter,2013/CMAES_Hutter_hutter_noiseless.tgz,inf,0,15,False
20,101,CMAES_posik,2012/CMAES_posik_noiseless.tgz,inf,0,15,False
20,102,CMA_brockhoff,2012/CMA_brockhoff_noiseless.tgz,inf,0,15,False
20,103,CMAa_brockhoff,2012/CMAa_brockhoff_noiseless.tgz,inf,0,15,False
20,104,CMAm_brockhoff,2012/CMAm_brockhoff_noiseless.tgz,inf,0,15,False
20,105,CMAma_brockhoff,2012/CMAma_brockhoff_noiseless.tgz,inf,0,15,False
20,106,CMAmh_brockhoff,2012/CMAmh_brockhoff_noiseless.tgz,inf,0,15,False
20,107,COBYLA-scipy-2019_Varelas,2019/COBYLA-scipy-2019_Varelas.tgz,inf,0,15,False
20,108,Cauchy-EDA_posik,2009/Cauchy-EDA_posik_noiseless.tgz,inf,0,15,False
20,109,DD-CMA-ES-Akimoto_Gharafi,2022/DD-CMA-ES-Akimoto_Gharafi.tgz,inf,0,15,False
20,110,DD-CMA-ES-pycma_Gharafi,2022/DD-CMA-ES-pycma_Gharafi.tgz,inf,0,15,False
20,111,DE-F-AUC_fialho,2010/DE-F-AUC_fialho_noiseless.tgz,inf,0,15,False
20,112,DE-PSO_garcia-nieto,2009/DE-PSO_garcia-nieto_noiseless.tgz,inf,0,15,False
20,113,DE-best_Vodopija,2018/DE-best_Vodopija.tgz,inf,0,15,False
20,114,DE-rand_Vodopija,2018/DE-rand_Vodopija.tgz,inf,0,15,False
20,115,DE-scipy-2019_Varelas,2019/DE-scipy-2019_Varelas.tgz,inf,0,15,False
20,116,DE-ttb_Vodopija,2018/DE-ttb_Vodopija.tgz,inf,0,15,False
20,117,DEAE_posik,2012/DEAE_posik_noiseless.tgz,inf,0,15,False
20,118,DE_Pal_pal,2013/DE_Pal_pal_noiseless.tgz,inf,0,15,False
20,119,DEuniform_fialho,2010/DEuniform_fialho_noiseless.tgz,inf,0,15,False
20,120,DIRECT-REV_Kudela,2023/DIRECT-REV_Kudela.tgz,inf,0,15,False
20,121,DIRECT_posik,2009/DIRECT_posik_noiseless.tgz,inf,0,5,False
20,122,DTS-CMA-ES_005-2pop_v26_1model_Bajer,2018/DTS-CMA-ES_005-2pop_v26_1model_Bajer.tgz,inf,0,15,False
20,123,DTS-CMA-ES_Pitra,2017/DTS-CMA-ES_Pitra.tgz,inf,0,15,False
20,124,E-WOA_Espinoza,2023/E-WOA_Espinoza.tgz,inf,0,15,False
20,125,EDA-PSO_el-abd,2009/EDA-PSO_el-abd_noiseless.tgz,inf,0,15,False
20,126,EG50-cocopf_Baudis,incomplete/2014/EG50-cocopf_Baudis.tgz,inf,0,15,False
20,127,EXPLO2_Huntsman,2022/EXPLO2_Huntsman.tgz,inf,0,15,False
20,128,FULLNEWUOA_ros,2009/FULLNEWUOA_ros_noiseless.tgz,inf,0,15,False
20,129,G3PCX_posik,2009/G3PCX_posik_noiseless.tgz,inf,0,15,False
20,130,GA-100_holtschulte,2013/GA-100_holtschulte_noiseless.tgz,inf,0,15,False
20,131,GA_nicolau,2009/GA_nicolau_noiseless.tgz,inf,0,15,False
20,132,GLOBAL_pal,2009/GLOBAL_pal_noiseless.tgz,inf,0,15,False
20,133,GP1-CMAES_Bajer,2015/GP1-CMAES_Bajer.tgz,inf,0,15,False
20,134,GP1-CMAES_Bajer_2013instances,2015/GP1-CMAES_Bajer_2013instances.tgz,inf,0,15,False
20,135,GP5-CMAES_Bajer,2015/GP5-CMAES_Bajer.tgz,inf,0,15,False
20,136,GP5-CMAES_Bajer_2013instances,2015/GP5-CMAES_Bajer_2013instances.tgz,inf,0,15,False
20,137,HE-ES_Glasmachers,2020/HE-ES_Glasmachers.tgz,inf,0,15,False
20,138,HILL_holtschulte,2013/HILL_holtschulte_noiseless.tgz,inf,0,15,False
20,139,HMLSL_pal,2013/HMLSL_pal_noiseless.tgz,inf,0,15,False
20,140,I-DBDP-GL_Kudela,2023/I-DBDP-GL_Kudela.tgz,inf,0,15,False
20,141,IP-10DDr_liao,2013/IP-10DDr_liao_noiseless.tgz,inf,0,15,False
20,142,IP-500_liao,2013/IP-500_liao_noiseless.tgz,inf,0,15,False
20,143,IPOP-ACTCMA-ES_ros,2010/IPOP-ACTCMA-ES_ros_noiseless.tgz,inf,0,15,False
20,144,IPOP-CMA-ES_ros,2010/IPOP-CMA-ES_ros_noiseless.tgz,inf,0,15,False
20,145,IPOP-SEP-CMA-ES_ros,2009/IPOP-SEP-CMA-ES_ros_noiseless.tgz,inf,0,15,False
20,146,IPOP400D_auger,2013/IPOP400D_auger_noiseless.tgz,inf,0,15,False
20,147,IPOPCMAv3p61_Bajer,2015/IPOPCMAv3p61_Bajer.tgz,inf,0,15,False
20,148,IPOPCMAv3p61_Bajer_2013instances,2015/IPOPCMAv3p61_Bajer_2013instances.tgz,inf,0,15,False
20,149,IPOPsaACM_loshchilov,2012/IPOPsaACM_loshchilov_noiseless.tgz,inf,0,5,False
20,150,IP_liao,2013/IP_liao_noiseless.tgz,inf,0,15,False
20,151,KL-BIPOP-CMA-ES_Yamaguchi,2017/KL-BIPOP-CMA-ES_Yamaguchi.tgz,inf,0,15,False
20,152,KL-IPOP-CMA-ES_Yamaguchi,2017/KL-IPOP-CMA-ES_Yamaguchi.tgz,inf,0,15,False
20,153,KL-Restart-CMA-ES_Yamaguchi,2017/KL-Restart-CMA-ES_Yamaguchi.tgz,inf,0,15,False
20,154,L-BFGS-B-scipy-2019_Varelas,2019/L-BFGS-B-scipy-2019_Varelas.tgz,inf,0,15,False
20,155,L-BFGS-B-scipy_Baudis,incomplete/2014/L-BFGS-B-scipy_Baudis.tgz,inf,0,15,False
20,156,LHD-10xDefault-MATSuMoTo_Brockhoff,2015/LHD-10xDefault-MATSuMoTo_Brockhoff.tgz,inf,0,15,False
20,157,LHD-2xDefault-MATSuMoTo_Brockhoff,2015/LHD-2xDefault-MATSuMoTo_Brockhoff.tgz,inf,0,15,False
20,158,LSfminbnd_posik,2009/LSfminbnd_posik_noiseless.tgz,inf,0,15,False
20,159,MATSUMOTO_Brockhoff,2015/MATSUMOTO_Brockhoff.tgz,inf,0,15,False
20,160,MCS_huyer,2009/MCS_huyer_noiseless.tgz,inf,0,15,False
20,161,MLSL_pal,2013/MLSL_pal_noiseless.tgz,inf,0,15,False
20,162,NBC-CMA_preuss,2010/NBC-CMA_preuss_noiseless.tgz,inf,0,15,False
20,163,NBIPOPaCMA_loshchilov,2012/NBIPOPaCMA_loshchilov_noiseless.tgz,inf,0,15,False
20,164,NELDERDOERR_doerr,2009/NELDERDOERR_doerr_noiseless.tgz,inf,0,15,False
20,165,NELDER_hansen,2009/NELDER_hansen_noiseless.tgz,inf,0,15,False
20,166,NEWUOA_ros,2009/NEWUOA_ros_noiseless.tgz,inf,0,15,False
20,167,NIPOPaCMA_loshchilov,2012/NIPOPaCMA_loshchilov_noiseless.tgz,inf,0,15,False
20,168,Nelder-Mead-scipy-2019_Varelas,2019/Nelder-Mead-scipy-2019_Varelas.tgz,inf,0,15,False
20,169,Nelder-Mead-scipy_Baudis,incomplete/2014/Nelder-Mead-scipy_Baudis.tgz,inf,0,15,False
20,170,ONEFIFTH_auger,2009/ONEFIFTH_auger_noiseless.tgz,inf,0,15,False
20,171,OQNLP_pal,2013/OQNLP_pal_noiseless.tgz,inf,0,15,False
20,172,Ord-H-DTS-CMA-ES_Pitra,2017/Ord-H-DTS-CMA-ES_Pitra.tgz,inf,0,15,False
20,173,Ord-N-DTS-CMA-ES_Pitra,2017/Ord-N-DTS-CMA-ES_Pitra.tgz,inf,0,15,False
20,174,Ord-Q-DTS-CMA-ES_Pitra,2017/Ord-Q-DTS-CMA-ES_Pitra.tgz,inf,0,45,False
20,175,PM-AdapSS-DE_fialho,2010/PM-AdapSS-DE_fialho_noiseless.tgz,inf,0,15,False
20,176,PSA-CMA-ES_Nishida,2018/PSA-CMA-ES_Nishida.tgz,inf,0,15,False
20,177,PSA-CMA-ESwRS_Nishida,2018/PSA-CMA-ESwRS_Nishida.tgz,inf,0,15,False
20,178,PSAaLmC-CMA-ES_Nishida,2016/PSAaLmC-CMA-ES_Nishida.tgz,inf,0,15,False
20,179,PSAaLmD-CMA-ES_Nishida,2016/PSAaLmD-CMA-ES_Nishida.tgz,inf,0,15,False
20,180,PSAaSmC-CMA-ES_Nishida,2016/PSAaSmC-CMA-ES_Nishida.tgz,inf,0,15,False
20,181,PSAaSmD-CMA-ES_Nishida,2016/PSAaSmD-CMA-ES_Nishida.tgz,inf,0,15,False
20,182,PSO-BFGS_voglis,2012/PSO-BFGS_voglis_noiseless.tgz,inf,0,15,False
20,183,PSO_el-abd,2009/PSO_el-abd_noiseless.tgz,inf,0,15,False
20,184,Powell-scipy-2019_Varelas,2019/Powell-scipy-2019_Varelas.tgz,inf,0,15,False
20,185,Powell-scipy_Baudis,incomplete/2014/Powell-scipy_Baudis.tgz,inf,0,15,False
20,186,R-DE-10e2_Tanabe,2015/R-DE-10e2_Tanabe.tgz,inf,0,15,False
20,187,R-SHADE-10e2_Tanabe,2015/R-SHADE-10e2_Tanabe.tgz,inf,0,15,False
20,188,RAND-2xDefault-MATSuMoTo_Brockhoff,2015/RAND-2xDefault-MATSuMoTo_Brockhoff.tgz,inf,0,15,False
20,189,RANDOMSEARCH-4-1e7D_Brockhoff,2017/RANDOMSEARCH-4-1e7D_Brockhoff.tgz,inf,0,15,False
20,190,RANDOMSEARCH-4p5-1e7D_Brockhoff,2017/RANDOMSEARCH-4p5-1e7D_Brockhoff.tgz,inf,0,15,False
20,191,RANDOMSEARCH-5-1e7D_Brockhoff,2017/RANDOMSEARCH-5-1e7D_Brockhoff.tgz,inf,0,15,False
20,192,RANDOMSEARCH_auger,2009/RANDOMSEARCH_auger_noiseless.tgz,inf,0,15,False
20,193,RCGA_tran,2010/RCGA_tran_noiseless.tgz,inf,0,15,False
20,194,RF1-CMAES_Bajer,2015/RF1-CMAES_Bajer.tgz,inf,0,15,False
20,195,RF1-CMAES_Bajer_2013instances,2015/RF1-CMAES_Bajer_2013instances.tgz,inf,0,15,False
20,196,RF5-CMAES_Bajer,2015/RF5-CMAES_Bajer.tgz,inf,0,15,False
20,197,RF5-CMAES_Bajer_2013instances,2015/RF5-CMAES_Bajer_2013instances.tgz,inf,0,15,False
20,198,RL-SHADE-10e2_Tanabe,2015/RL-SHADE-10e2_Tanabe.tgz,inf,0,15,False
20,199,RS-0p5-initIn0_Brockhoff,2019/RS-0p5-initIn0_Brockhoff.tgz,inf,0,15,False
20,200,RS-0p5_Brockhoff,2019/RS-0p5_Brockhoff.tgz,inf,0,15,False
20,201,RS-1-initIn0_Brockhoff,2019/RS-1-initIn0_Brockhoff.tgz,inf,0,15,False
20,202,RS-10-initIn0_Brockhoff,2019/RS-10-initIn0_Brockhoff.tgz,inf,0,15,False
20,203,RS-10_Brockhoff,2019/RS-10_Brockhoff.tgz,inf,0,15,False
20,204,RS-1_Brockhoff,2019/RS-1_Brockhoff.tgz,inf,0,15,False
20,205,RS-2-initIn0_Brockhoff,2019/RS-2-initIn0_Brockhoff.tgz,inf,0,15,False
20,206,RS-20-initIn0_Brockhoff,2019/RS-20-initIn0_Brockhoff.tgz,inf,0,15,False
20,207,RS-20_Brockhoff,2019/RS-20_Brockhoff.tgz,inf,0,15,False
20,208,RS-2_Brockhoff,2019/RS-2_Brockhoff.tgz,inf,0,15,False
20,209,RS-3-initIn0_Brockhoff,2019/RS-3-initIn0_Brockhoff.tgz,inf,0,15,False
20,210,RS-3_Brockhoff,2019/RS-3_Brockhoff.tgz,inf,0,15,False
20,211,RS-4-initIn0_Brockhoff,2019/RS-4-initIn0_Brockhoff.tgz,inf,0,15,False
20,212,RS-5-initIn0_Brockhoff,2019/RS-5-initIn0_Brockhoff.tgz,inf,0,15,False
20,213,RS-6-initIn0_Brockhoff,2019/RS-6-initIn0_Brockhoff.tgz,inf,0,15,False
20,214,RS-6_Brockhoff,2019/RS-6_Brockhoff.tgz,inf,0,15,False
20,215,Rosenbrock_posik,2009/Rosenbrock_posik_noiseless.tgz,inf,0,15,False
20,216,SLSQP+lq-CMA-ES_Hansen,2020/SLSQP+lq-CMA-ES_Hansen.tgz,inf,0,15,False
20,217,SLSQP-11-scipy_Hansen,2020/SLSQP-11-scipy_Hansen.tgz,inf,0,15,False
20,218,SLSQP-scipy-2019_Varelas,2019/SLSQP-scipy-2019_Varelas.tgz,inf,0,15,False
20,219,SLSQP-scipy_Baudis,incomplete/2014/SLSQP-scipy_Baudis.tgz,inf,0,15,False
20,220,SMAC-BBOB_hutter,2013/SMAC-BBOB_hutter_noiseless.tgz,inf,0,15,False
20,221,SNES_schaul,2012/SNES_schaul_noiseless.tgz,inf,0,15,False
20,222,SOO_Derbel,2015/SOO_Derbel.tgz,inf,0,15,False
20,223,SPSA_finck,2010/SPSA_finck_noiseless.tgz,inf,0,15,False
20,224,SSEABC_Aydin,2017/SSEABC_Aydin.tgz,inf,0,15,False
20,225,TNC-scipy-2019_Varelas,2019/TNC-scipy-2019_Varelas.tgz,inf,0,15,False
20,226,U-zero_tran,2013/U-zero_tran_noiseless.tgz,inf,0,15,False
20,227,UNIF-cocopf_Baudis,incomplete/2014/UNIF-cocopf_Baudis.tgz,inf,0,15,False
20,228,WOA_Espinoza,2023/WOA_Espinoza.tgz,inf,0,15,False
20,229,a-CMA-ES_Gissler,2023/a-CMA-ES_Gissler.tgz,inf,0,15,False
20,230,ad-CMA-ES_Gissler,2023/ad-CMA-ES_Gissler.tgz,inf,0,15,False
20,231,adapt-Nelder-Mead-scipy-2019_Varelas,2019/adapt-Nelder-Mead-scipy-2019_Varelas.tgz,inf,0,15,False
20,232,adm-CMA-ES_Gissler,2023/adm-CMA-ES_Gissler.tgz,inf,0,15,False
20,233,c-CMA-ES_Gissler,2023/c-CMA-ES_Gissler.tgz,inf,0,15,False
20,234,cd-CMA-ES_Gissler,2023/cd-CMA-ES_Gissler.tgz,inf,0,15,False
20,235,cdm-CMA-ES_Gissler,2023/cdm-CMA-ES_Gissler.tgz,inf,0,15,False
20,236,cma-bp-bbob_Brockhoff,2023/cma-bp-bbob_Brockhoff.tgz,inf,0,15,False
20,237,cma-bt-bbob_Brockhoff,2023/cma-bt-bbob_Brockhoff.tgz,inf,0,15,False
20,238,d-CMA-ES_Gissler,2023/d-CMA-ES_Gissler.tgz,inf,0,15,False
20,239,default-CMA-ES_Gissler,2023/default-CMA-ES_Gissler.tgz,inf,0,15,False
20,240,dm-CMA-ES_Gissler,2023/dm-CMA-ES_Gissler.tgz,inf,0,15,False
20,241,fmincon_pal,2013/fmincon_pal_noiseless.tgz,inf,0,15,False
20,242,fminunc_pal,2013/fminunc_pal_noiseless.tgz,inf,0,15,False
20,243,iAMALGAM_bosman,2009/iAMALGAM_bosman_noiseless.tgz,inf,0,15,False
20,244,lmm-CMA-ES_auger,2013/lmm-CMA-ES_auger_noiseless.tgz,inf,0,15,False
20,245,lq-CMA-ES_Hansen,2020/lq-CMA-ES_Hansen.tgz,inf,0,15,False
20,246,m-SDWOA_Espinoza,2023/m-SDWOA_Espinoza.tgz,inf,0,15,False
20,247,oMads-2N_Dahito,2022/oMads-2N_Dahito.tgz,inf,0,15,False
20,248,oMads-Neg_Dahito,2022/oMads-Neg_Dahito.tgz,inf,0,15,False
20,249,s-CMA-ES_Gissler,2023/s-CMA-ES_Gissler.tgz,inf,0,15,False
20,250,sc-CMA-ES_Gissler,2023/sc-CMA-ES_Gissler.tgz,inf,0,15,False
20,251,scd-CMA-ES_Gissler,2023/scd-CMA-ES_Gissler.tgz,inf,0,15,False
20,252,scdm-CMA-ES_Gissler,2023/scdm-CMA-ES_Gissler.tgz,inf,0,15,False
20,253,sd-CMA-ES_Gissler,2023/sd-CMA-ES_Gissler.tgz,inf,0,15,False
20,254,sdm-CMA-ES_Gissler,2023/sdm-CMA-ES_Gissler.tgz,inf,0,15,False
20,255,simplex_pal,2013/simplex_pal_noiseless.tgz,inf,0,15,False
20,256,tany_liao,2013/tany_liao_noiseless.tgz,inf,0,15,False
20,257,texp_liao,2013/texp_liao_noiseless.tgz,inf,0,15,False
20,258,uBBDE-N_Vodopija,2018/uBBDE-N_Vodopija.tgz,inf,0,15,False
20,259,uBBDE-best_Vodopija,2018/uBBDE-best_Vodopija.tgz,inf,0,15,False
20,260,uBBDE-ttb_Vodopija,2018/uBBDE-ttb_Vodopija.tgz,inf,0,15,False
20,261,uBBDE_Vodopija,2018/uBBDE_Vodopija.tgz,inf,0,15,False
20,262,uDE-best_Vodopija,2018/uDE-best_Vodopija.tgz,inf,0,15,False
20,263,uDE-rand_Vodopija,2018/uDE-rand_Vodopija.tgz,inf,0,15,False
20,264,uDE-ttb_Vodopija,2018/uDE-ttb_Vodopija.tgz,inf,0,15,False
20,265,xNES_schaul,2012/xNES_schaul_noiseless.tgz,inf,0,15,False
20,266,xNESas_schaul,2012/xNESas_schaul_noiseless.tgz,inf,0,15,False
40,1,bbob-f03-model-fit-adaptive-full,exdata/bbob-f03-model-fit-adaptive-full,161,15,15,True
40,2,BIPOP-aCMA-STEP_loshchilov,2013/BIPOP-aCMA-STEP_loshchilov_noiseless.tgz,8003.4,15,15,False
40,3,LSstep_posik,2009/LSstep_posik_noiseless.tgz,15657.7333333,15,15,False
40,4,JADE_posik,2012/JADE_posik_noiseless.tgz,363699.933333,15,15,False
40,5,JADEctpb_posik,2012/JADEctpb_posik_noiseless.tgz,363699.933333,15,15,False
40,6,MOS_torre,2010/MOS_torre_noiseless.tgz,1062586.85714,14,15,False
40,7,JADEb_posik,2012/JADEb_posik_noiseless.tgz,1917545.7,10,15,False
40,8,CMA-MSR_Atamna,2015/CMA-MSR_Atamna.tgz,2552733.83333,12,15,False
40,9,PRCGA_sawyerr,2013/PRCGA_sawyerr_noiseless.tgz,4376406.66667,9,15,False
40,10,Adaptive-Two-Mode_Bodner,2019/Adaptive-Two-Mode_Bodner.tgz,4430125.66667,15,15,False
40,11,MEMPSODE_voglis,2013/MEMPSODE_voglis_noiseless.tgz,6155256.8,15,15,False
40,12,DASA_korosec,2009/DASA_korosec_noiseless.tgz,6370755,15,15,False
40,13,DE-ROLL_voglis,2012/DE-ROLL_voglis_noiseless.tgz,58915381,1,15,False
40,14,1plus1_brockhoff,2010/1plus1_brockhoff_noiseless.tgz,inf,0,15,False
40,15,1plus2mirser_brockhoff,2010/1plus2mirser_brockhoff_noiseless.tgz,inf,0,15,False
40,16,ACOR_liao,2012/ACOR_liao_noiseless.tgz,inf,0,15,False
40,17,ALPS_hornby,2009/ALPS_hornby_noiseless.tgz,inf,0,15,False
40,18,AMALGAM_bosman,2009/AMALGAM_bosman_noiseless.tgz,inf,0,15,False
40,19,BAYEDA_gallagher,2009/BAYEDA_gallagher_noiseless.tgz,inf,0,15,False
40,20,BBDE-N_Vodopija,2018/BBDE-N_Vodopija.tgz,inf,0,15,False
40,21,BBDE-best_Vodopija,2018/BBDE-best_Vodopija.tgz,inf,0,15,False
40,22,BBDE-ttb_Vodopija,2018/BBDE-ttb_Vodopija.tgz,inf,0,15,False
40,23,BBDE_Vodopija,2018/BBDE_Vodopija.tgz,inf,0,15,False
40,24,BFGS-M-17_Blelly,2018/BFGS-M-17_Blelly.tgz,inf,0,15,False
40,25,BFGS-P-09_Blelly,2018/BFGS-P-09_Blelly.tgz,inf,0,15,False
40,26,BFGS-P-Instances_Blelly,2018/BFGS-P-Instances_Blelly.tgz,inf,0,15,False
40,27,BFGS-P-StPt_Blelly,2018/BFGS-P-StPt_Blelly.tgz,inf,0,15,False
40,28,BFGS-P-range_Blelly,2018/BFGS-P-range_Blelly.tgz,inf,0,15,False
40,29,BFGS-scipy-2019_Varelas,2019/BFGS-scipy-2019_Varelas.tgz,inf,0,15,False
40,30,BFGS_ros,2009/BFGS_ros_noiseless.tgz,inf,0,15,False
40,31,BIPOP-CMA-ES_hansen,2009/BIPOP-CMA-ES_hansen_noiseless.tgz,inf,0,15,False
40,32,BIPOP-saACM-k_loshchilov,2013/BIPOP-saACM-k_loshchilov_noiseless.tgz,inf,0,15,False
40,33,BIPOPaCMA_loshchilov,2012/BIPOPaCMA_loshchilov_noiseless.tgz,inf,0,15,False
40,34,CG-scipy-2019_Varelas,2019/CG-scipy-2019_Varelas.tgz,inf,0,15,False
40,35,CGA-grid100_holtschulte,2013/CGA-grid100_holtschulte_noiseless.tgz,inf,0,15,False
40,36,CGA-grid16_holtschulte,2013/CGA-grid16_holtschulte_noiseless.tgz,inf,0,15,False
40,37,CGA-ring100_holtschulte,2013/CGA-ring100_holtschulte_noiseless.tgz,inf,0,15,False
40,38,CGA-ring16_holtschulte,2013/CGA-ring16_holtschulte_noiseless.tgz,inf,0,15,False
40,39,CMA-CSA_Atamna,2015/CMA-CSA_Atamna.tgz,inf,0,15,False
40,40,CMA-ES-2019_Hansen,2020/CMA-ES-2019_Hansen.tgz,inf,0,15,False
40,41,CMA-ES-Akimoto_Gharafi,2022/CMA-ES-Akimoto_Gharafi.tgz,inf,0,15,False
40,42,CMA-ES-pycma_Gharafi,2022/CMA-ES-pycma_Gharafi.tgz,inf,0,15,False
40,43,CMA-ESPLUSSEL_auger,2009/CMA-ESPLUSSEL_auger_noiseless.tgz,inf,0,15,False
40,44,CMA-TPA_Atamna,2015/CMA-TPA_Atamna.tgz,inf,0,15,False
40,45,CMAEGS_finck,2010/CMAEGS_finck_noiseless.tgz,inf,0,15,False
40,46,CMAES-APOP-KMA_Nguyen,2022/CMAES-APOP-KMA_Nguyen.tgz,inf,0,15,False
40,47,CMAES-APOP-KP_Nguyen,2022/CMAES-APOP-KP_Nguyen.tgz,inf,0,15,False
40,48,CMAES-APOP-MA_Nguyen,2022/CMAES-APOP-MA_Nguyen.tgz,inf,0,15,False
40,49,CMAES-APOP-Var1_Nguyen,2018/CMAES-APOP-Var1_Nguyen.tgz,inf,0,15,False
40,50,CMAES-APOP-Var2_Nguyen,2018/CMAES-APOP-Var2_Nguyen.tgz,inf,0,15,False
40,51,CMAES-APOP-Var3_Nguyen,2018/CMAES-APOP-Var3_Nguyen.tgz,inf,0,15,False
40,52,CMAES-APOP_Nguyen,2017/CMAES-APOP_Nguyen.tgz,inf,0,15,False
40,53,CMAES_Hutter_hutter,2013/CMAES_Hutter_hutter_noiseless.tgz,inf,0,15,False
40,54,CMAES_posik,2012/CMAES_posik_noiseless.tgz,inf,0,15,False
40,55,CMA_brockhoff,2012/CMA_brockhoff_noiseless.tgz,inf,0,15,False
40,56,CMAa_brockhoff,2012/CMAa_brockhoff_noiseless.tgz,inf,0,15,False
40,57,CMAm_brockhoff,2012/CMAm_brockhoff_noiseless.tgz,inf,0,15,False
40,58,CMAma_brockhoff,2012/CMAma_brockhoff_noiseless.tgz,inf,0,15,False
40,59,CMAmah_brockhoff,2012/CMAmah_brockhoff_noiseless.tgz,inf,0,15,False
40,60,CMAmh_brockhoff,2012/CMAmh_brockhoff_noiseless.tgz,inf,0,15,False
40,61,COBYLA-scipy-2019_Varelas,2019/COBYLA-scipy-2019_Varelas.tgz,inf,0,15,False
40,62,Cauchy-EDA_posik,2009/Cauchy-EDA_posik_noiseless.tgz,inf,0,15,False
40,63,DBRCGA_chuang,2012/DBRCGA_chuang_noiseless.tgz,inf,0,15,False
40,64,DD-CMA-ES-Akimoto_Gharafi,2022/DD-CMA-ES-Akimoto_Gharafi.tgz,inf,0,15,False
40,65,DD-CMA-ES-pycma_Gharafi,2022/DD-CMA-ES-pycma_Gharafi.tgz,inf,0,15,False
40,66,DE-AUTO_voglis,2012/DE-AUTO_voglis_noiseless.tgz,inf,0,15,False
40,67,DE-BFGS_voglis,2012/DE-BFGS_voglis_noiseless.tgz,inf,0,15,False
40,68,DE-F-AUC_fialho,2010/DE-F-AUC_fialho_noiseless.tgz,inf,0,15,False
40,69,DE-PSO_garcia-nieto,2009/DE-PSO_garcia-nieto_noiseless.tgz,inf,0,15,False
40,70,DE-SIMPLEX_voglis,2012/DE-SIMPLEX_voglis_noiseless.tgz,inf,0,15,False
40,71,DE-best_Vodopija,2018/DE-best_Vodopija.tgz,inf,0,15,False
40,72,DE-rand_Vodopija,2018/DE-rand_Vodopija.tgz,inf,0,15,False
40,73,DE-scipy-2019_Varelas,2019/DE-scipy-2019_Varelas.tgz,inf,0,15,False
40,74,DE-ttb_Vodopija,2018/DE-ttb_Vodopija.tgz,inf,0,15,False
40,75,DEAE_posik,2012/DEAE_posik_noiseless.tgz,inf,0,15,False
40,76,DE_posik,2012/DE_posik_noiseless.tgz,inf,0,15,False
40,77,DEb_posik,2012/DEb_posik_noiseless.tgz,inf,0,15,False
40,78,DEctpb_posik,2012/DEctpb_posik_noiseless.tgz,inf,0,15,False
40,79,DEuniform_fialho,2010/DEuniform_fialho_noiseless.tgz,inf,0,15,False
40,80,DIRECT_posik,2009/DIRECT_posik_noiseless.tgz,inf,0,5,False
40,81,E-WOA_Espinoza,2023/E-WOA_Espinoza.tgz,inf,0,15,False
40,82,EXPLO2_Huntsman,2022/EXPLO2_Huntsman.tgz,inf,0,15,False
40,83,G3PCX_posik,2009/G3PCX_posik_noiseless.tgz,inf,0,15,False
40,84,GA-100_holtschulte,2013/GA-100_holtschulte_noiseless.tgz,inf,0,15,False
40,85,GA_nicolau,2009/GA_nicolau_noiseless.tgz,inf,0,15,False
40,86,HILL_holtschulte,2013/HILL_holtschulte_noiseless.tgz,inf,0,15,False
40,87,IP-10DDr_liao,2013/IP-10DDr_liao_noiseless.tgz,inf,0,15,False
40,88,IP-500_liao,2013/IP-500_liao_noiseless.tgz,inf,0,15,False
40,89,IPOP-ACTCMA-ES_ros,2010/IPOP-ACTCMA-ES_ros_noiseless.tgz,inf,0,15,False
40,90,IPOP-CMA-ES_ros,2010/IPOP-CMA-ES_ros_noiseless.tgz,inf,0,15,False
40,91,IPOP-SEP-CMA-ES_ros,2009/IPOP-SEP-CMA-ES_ros_noiseless.tgz,inf,0,15,False
40,92,IP_liao,2013/IP_liao_noiseless.tgz,inf,0,15,False
40,93,L-BFGS-B-scipy-2019_Varelas,2019/L-BFGS-B-scipy-2019_Varelas.tgz,inf,0,15,False
40,94,LSfminbnd_posik,2009/LSfminbnd_posik_noiseless.tgz,inf,0,15,False
40,95,MVDE_melo,2012/MVDE_melo_noiseless.tgz,inf,0,15,False
40,96,NBC-CMA_preuss,2010/NBC-CMA_preuss_noiseless.tgz,inf,0,15,False
40,97,NBIPOPaCMA_loshchilov,2012/NBIPOPaCMA_loshchilov_noiseless.tgz,inf,0,15,False
40,98,NELDER_hansen,2009/NELDER_hansen_noiseless.tgz,inf,0,15,False
40,99,NEWUOA_ros,2009/NEWUOA_ros_noiseless.tgz,inf,0,15,False
40,100,NIPOPaCMA_loshchilov,2012/NIPOPaCMA_loshchilov_noiseless.tgz,inf,0,15,False
40,101,Nelder-Mead-scipy-2019_Varelas,2019/Nelder-Mead-scipy-2019_Varelas.tgz,inf,0,15,False
40,102,ONEFIFTH_auger,2009/ONEFIFTH_auger_noiseless.tgz,inf,0,15,False
40,103,PM-AdapSS-DE_fialho,2010/PM-AdapSS-DE_fialho_noiseless.tgz,inf,0,15,False
40,104,PSA-CMA-ES_Nishida,2018/PSA-CMA-ES_Nishida.tgz,inf,0,15,False
40,105,PSA-CMA-ESwRS_Nishida,2018/PSA-CMA-ESwRS_Nishida.tgz,inf,0,15,False
40,106,PSO-BFGS_voglis,2012/PSO-BFGS_voglis_noiseless.tgz,inf,0,15,False
40,107,Powell-scipy-2019_Varelas,2019/Powell-scipy-2019_Varelas.tgz,inf,0,15,False
40,108,RANDOMSEARCH-4-1e7D_Brockhoff,2017/RANDOMSEARCH-4-1e7D_Brockhoff.tgz,inf,0,15,False
40,109,RANDOMSEARCH-4p5-1e7D_Brockhoff,2017/RANDOMSEARCH-4p5-1e7D_Brockhoff.tgz,inf,0,15,False
40,110,RANDOMSEARCH-5-1e7D_Brockhoff,2017/RANDOMSEARCH-5-1e7D_Brockhoff.tgz,inf,0,15,False
40,111,RANDOMSEARCH_auger,2009/RANDOMSEARCH_auger_noiseless.tgz,inf,0,15,False
40,112,RCGA_tran,2010/RCGA_tran_noiseless.tgz,inf,0,15,False
40,113,RS-0p5-initIn0_Brockhoff,2019/RS-0p5-initIn0_Brockhoff.tgz,inf,0,15,False
40,114,RS-0p5_Brockhoff,2019/RS-0p5_Brockhoff.tgz,inf,0,15,False
40,115,RS-1-initIn0_Brockhoff,2019/RS-1-initIn0_Brockhoff.tgz,inf,0,15,False
40,116,RS-10-initIn0_Brockhoff,2019/RS-10-initIn0_Brockhoff.tgz,inf,0,15,False
40,117,RS-10_Brockhoff,2019/RS-10_Brockhoff.tgz,inf,0,15,False
40,118,RS-1_Brockhoff,2019/RS-1_Brockhoff.tgz,inf,0,15,False
40,119,RS-2-initIn0_Brockhoff,2019/RS-2-initIn0_Brockhoff.tgz,inf,0,15,False
40,120,RS-20-initIn0_Brockhoff,2019/RS-20-initIn0_Brockhoff.tgz,inf,0,15,False
40,121,RS-20_Brockhoff,2019/RS-20_Brockhoff.tgz,inf,0,15,False
40,122,RS-2_Brockhoff,2019/RS-2_Brockhoff.tgz,inf,0,15,False
40,123,RS-3-initIn0_Brockhoff,2019/RS-3-initIn0_Brockhoff.tgz,inf,0,15,False
40,124,RS-3_Brockhoff,2019/RS-3_Brockhoff.tgz,inf,0,15,False
40,125,RS-4-initIn0_Brockhoff,2019/RS-4-initIn0_Brockhoff.tgz,inf,0,15,False
40,126,RS-5-initIn0_Brockhoff,2019/RS-5-initIn0_Brockhoff.tgz,inf,0,15,False
40,127,RS-6-initIn0_Brockhoff,2019/RS-6-initIn0_Brockhoff.tgz,inf,0,15,False
40,128,RS-6_Brockhoff,2019/RS-6_Brockhoff.tgz,inf,0,15,False
40,129,Rosenbrock_posik,2009/Rosenbrock_posik_noiseless.tgz,inf,0,15,False
40,130,SLSQP+lq-CMA-ES_Hansen,2020/SLSQP+lq-CMA-ES_Hansen.tgz,inf,0,15,False
40,131,SLSQP-11-scipy_Hansen,2020/SLSQP-11-scipy_Hansen.tgz,inf,0,15,False
40,132,SLSQP-scipy-2019_Varelas,2019/SLSQP-scipy-2019_Varelas.tgz,inf,0,15,False
40,133,SPSA_finck,2010/SPSA_finck_noiseless.tgz,inf,0,15,False
40,134,SSEABC_Aydin,2017/SSEABC_Aydin.tgz,inf,0,15,False
40,135,TNC-scipy-2019_Varelas,2019/TNC-scipy-2019_Varelas.tgz,inf,0,15,False
40,136,WOA_Espinoza,2023/WOA_Espinoza.tgz,inf,0,15,False
40,137,a-CMA-ES_Gissler,2023/a-CMA-ES_Gissler.tgz,inf,0,15,False
40,138,ad-CMA-ES_Gissler,2023/ad-CMA-ES_Gissler.tgz,inf,0,15,False
40,139,adapt-Nelder-Mead-scipy-2019_Varelas,2019/adapt-Nelder-Mead-scipy-2019_Varelas.tgz,inf,0,15,False
40,140,adm-CMA-ES_Gissler,2023/adm-CMA-ES_Gissler.tgz,inf,0,15,False
40,141,c-CMA-ES_Gissler,2023/c-CMA-ES_Gissler.tgz,inf,0,15,False
40,142,cd-CMA-ES_Gissler,2023/cd-CMA-ES_Gissler.tgz,inf,0,15,False
40,143,cdm-CMA-ES_Gissler,2023/cdm-CMA-ES_Gissler.tgz,inf,0,15,False
40,144,d-CMA-ES_Gissler,2023/d-CMA-ES_Gissler.tgz,inf,0,15,False
40,145,default-CMA-ES_Gissler,2023/default-CMA-ES_Gissler.tgz,inf,0,15,False
40,146,dm-CMA-ES_Gissler,2023/dm-CMA-ES_Gissler.tgz,inf,0,15,False
40,147,iAMALGAM_bosman,2009/iAMALGAM_bosman_noiseless.tgz,inf,0,15,False
40,148,lq-CMA-ES_Hansen,2020/lq-CMA-ES_Hansen.tgz,inf,0,15,False
40,149,m-SDWOA_Espinoza,2023/m-SDWOA_Espinoza.tgz,inf,0,15,False
40,150,s-CMA-ES_Gissler,2023/s-CMA-ES_Gissler.tgz,inf,0,15,False
40,151,sc-CMA-ES_Gissler,2023/sc-CMA-ES_Gissler.tgz,inf,0,15,False
40,152,scd-CMA-ES_Gissler,2023/scd-CMA-ES_Gissler.tgz,inf,0,15,False
40,153,scdm-CMA-ES_Gissler,2023/scdm-CMA-ES_Gissler.tgz,inf,0,15,False
40,154,sd-CMA-ES_Gissler,2023/sd-CMA-ES_Gissler.tgz,inf,0,15,False
40,155,sdm-CMA-ES_Gissler,2023/sdm-CMA-ES_Gissler.tgz,inf,0,15,False
40,156,tany_liao,2013/tany_liao_noiseless.tgz,inf,0,15,False
40,157,texp_liao,2013/texp_liao_noiseless.tgz,inf,0,15,False
40,158,uBBDE-N_Vodopija,2018/uBBDE-N_Vodopija.tgz,inf,0,15,False
40,159,uBBDE-best_Vodopija,2018/uBBDE-best_Vodopija.tgz,inf,0,15,False
40,160,uBBDE-ttb_Vodopija,2018/uBBDE-ttb_Vodopija.tgz,inf,0,15,False
40,161,uBBDE_Vodopija,2018/uBBDE_Vodopija.tgz,inf,0,15,False
40,162,uDE-best_Vodopija,2018/uDE-best_Vodopija.tgz,inf,0,15,False
40,163,uDE-rand_Vodopija,2018/uDE-rand_Vodopija.tgz,inf,0,15,False
40,164,uDE-ttb_Vodopija,2018/uDE-ttb_Vodopija.tgz,inf,0,15,False
